branch_id,name,city,district,address
GY607791,Jīn Shì Bǎo Industrial Flagship,Suzhou,Industrial Park District,050 Wilkerson Branch (Near University)
GY514358,Ào Měi Industrial Flagship,Suzhou,Industrial Park District,849 Connor Springs (Near Shopping Mall)
GY707267,Wēi Kāng Licheng Flagship,Jinan,Licheng District,846 Thomas Port (Near Shopping Mall)
GY925640,Jiàn Lè Luohu Flagship,Shenzhen,Luohu District,593 Adams Mount (Near Shopping Mall)
GY485079,Wēi Ěr Shì Xiangcheng Flagship,Suzhou,Xiangcheng District,347 Scott View (Near University)
GY628211,Yī Zhào Wéi Dé Hexi Flagship,Tianjin,Hexi District,114 Moody Cliff Suite 990 (Near University)
GY277306,Wēi Kāng Shangcheng Flagship,Hangzhou,Shangcheng District,35284 Isabel Stream (Near University)
GY666916,Jīn Shì Bǎo Fenghua Flagship,Ningbo,Fenghua District,045 Calvin Well Suite 132 (Near Metro Station)
GY773201,Jiàn Lè Shangcheng Flagship,Hangzhou,Shangcheng District,5598 Stanley Shores Apt. 673 (Near University)
GY066144,Měi Gé Fēi Jiang'an Flagship,Wuhan,Jiang'an District,103 Daugherty Row (Near Shopping Mall)
GY492776,Měi Gé Fēi Futian Flagship,Shenzhen,Futian District,310 Annette Walks (Near University)
GY044672,Yī Zhào Wéi Dé Xiangcheng Flagship,Suzhou,Xiangcheng District,646 Buckley Ways (Near Metro Station)
GY761156,Wēi Ěr Shì Nanshan Flagship,Shenzhen,Nanshan District,12176 Delacruz Estates (Near Shopping Mall)
GY959367,Jiàn Lè Binjiang Flagship,Hangzhou,Binjiang District,40536 Jefferson Crescent (Near Shopping Mall)
GY674908,Ào Měi Yangpu Flagship,Shanghai,Yangpu District,450 Ashley Crest Apt. 507 (Near University)
GY695593,Lì Měi Yuhuatai Flagship,Nanjing,Yuhuatai District,869 Ramirez Flat (Near Metro Station)
GY503170,Měi Gé Fēi Shizhong Flagship,Jinan,Shizhong District,59075 Edward Union Apt. 271 (Near Metro Station)
GY765044,Jīn Shì Bǎo Jinniu Flagship,Chengdu,Jinniu District,518 Cindy Parkway Apt. 657 (Near University)
GY997152,Wēi Kāng Futian Flagship,Shenzhen,Futian District,469 Harris Park (Near Shopping Mall)
GY751638,Yī Zhào Wéi Dé Xuhui Flagship,Shanghai,Xuhui District,900 Moore Lane (Near University)
GY750900,Jīn Shì Bǎo Shangcheng Flagship,Hangzhou,Shangcheng District,078 Cheryl Extension (Near Metro Station)
GY950541,Lì Měi Baqiao Flagship,Xi'an,Baqiao District,36524 Matthew Radial (Near University)
GY003067,Wēi Ěr Shì Beibei Flagship,Chongqing,Beibei District,269 Jacqueline Heights Apt. 764 (Near University)
GY702988,Jiàn Lè Baqiao Flagship,Xi'an,Baqiao District,12603 Weber Islands Apt. 629 (Near Metro Station)
GY023262,Wēi Ěr Shì Huangdao Flagship,Qingdao,Huangdao District,51427 Tony Inlet (Near University)
GY140012,Wēi Kāng Wanjiang Flagship,Dongguan,Wanjiang District,103 Danielle Road (Near Shopping Mall)
GY460868,Wēi Ěr Shì Futian Flagship,Shenzhen,Futian District,69927 Larry Ports Apt. 657 (Near Metro Station)
GY825727,Jiàn Lè Jianggan Flagship,Hangzhou,Jianggan District,21159 Jerry Ville (Near Metro Station)
GY265446,Ào Měi Qiaokou Flagship,Wuhan,Qiaokou District,0019 Amy Springs Apt. 540 (Near University)
GY811525,Měi Gé Fēi Fengtai Flagship,Beijing,Fengtai District,68136 Diane Freeway Suite 919 (Near Metro Station)
GY005363,Měi Gé Fēi Dongcheng Flagship,Beijing,Dongcheng District,97358 Nathan Mission (Near Metro Station)
GY515955,Wēi Ěr Shì Fengtai Flagship,Beijing,Fengtai District,4013 Linda Street Apt. 332 (Near Metro Station)
GY261274,Wēi Ěr Shì Gaoming Flagship,Foshan,Gaoming District,2826 Robin Walks (Near Metro Station)
GY249484,Jiàn Lè Qixia Flagship,Nanjing,Qixia District,0713 Brendan Radial (Near University)
GY990624,Jiàn Lè Chaoyang Flagship,Beijing,Chaoyang District,40791 Jamie Trace Suite 293 (Near Shopping Mall)
GY294432,Lì Měi Nan'an Flagship,Chongqing,Nan'an District,8834 Stone Summit Suite 950 (Near Metro Station)
GY374301,Yī Zhào Wéi Dé Jianggan Flagship,Hangzhou,Jianggan District,642 Jeremiah Summit (Near Shopping Mall)
GY137662,Lì Měi Beibei Flagship,Chongqing,Beibei District,772 Matthew Passage (Near Shopping Mall)
GY051410,Jīn Shì Bǎo Nan'an Flagship,Chongqing,Nan'an District,304 Megan Crescent Apt. 691 (Near Metro Station)
GY703798,Wēi Kāng Qingyang Flagship,Chengdu,Qingyang District,64485 Jennifer Walks Apt. 366 (Near University)
GY466745,Yī Zhào Wéi Dé Huli Flagship,Xiamen,Huli District,3197 Michael View Suite 039 (Near Shopping Mall)
GY600098,Ào Měi Nancheng Flagship,Dongguan,Nancheng District,682 Dakota Flat Suite 960 (Near University)
GY702857,Měi Gé Fēi Huangdao Flagship,Qingdao,Huangdao District,6747 Richard Crescent (Near Shopping Mall)
GY145962,Ào Měi Xicheng Flagship,Beijing,Xicheng District,493 John Brook Apt. 453 (Near University)
GY550665,Jiàn Lè Yuzhong Flagship,Chongqing,Yuzhong District,838 Bridges Street (Near Shopping Mall)
GY260917,Wēi Ěr Shì Nanshan Flagship,Shenzhen,Nanshan District,54197 Joseph Walk Suite 988 (Near Metro Station)
GY613095,Wēi Kāng Shizhong Flagship,Jinan,Shizhong District,371 Martinez Land (Near Shopping Mall)
GY172441,Jīn Shì Bǎo Shapingba Flagship,Chongqing,Shapingba District,294 Bass Fort Apt. 371 (Near Metro Station)
GY732992,Jīn Shì Bǎo Longquanyi Flagship,Chengdu,Longquanyi District,1168 Hahn Locks Apt. 195 (Near University)
GY880908,Jīn Shì Bǎo Shunde Flagship,Foshan,Shunde District,5002 Francis Ville Suite 992 (Near Shopping Mall)
GY238305,Měi Gé Fēi Hanyang Flagship,Wuhan,Hanyang District,55335 Tiffany Squares Suite 874 (Near Metro Station)
GY367011,Měi Gé Fēi Shinan Flagship,Qingdao,Shinan District,0351 Lynn Mews (Near Metro Station)
GY267185,Yī Zhào Wéi Dé Tongzhou Flagship,Beijing,Tongzhou District,0351 Roy Manors (Near University)
GY816185,Wēi Ěr Shì Nancheng Flagship,Dongguan,Nancheng District,96084 Mckinney Union Suite 559 (Near University)
GY445282,Jiàn Lè Tianhe Flagship,Guangzhou,Tianhe District,096 Warren Neck (Near Metro Station)
GY767058,Wēi Kāng Shahekou Flagship,Dalian,Shahekou District,58811 Hinton Drives Apt. 892 (Near University)
GY510295,Wēi Kāng Chenghua Flagship,Chengdu,Chenghua District,682 Robinson Tunnel Suite 958 (Near University)
GY699513,Yī Zhào Wéi Dé Beilun Flagship,Ningbo,Beilun District,8181 Maldonado Estate Apt. 831 (Near Shopping Mall)
GY214139,Yī Zhào Wéi Dé Shinan Flagship,Qingdao,Shinan District,500 Kelly Hollow (Near University)
GY241406,Jīn Shì Bǎo Guancheng Flagship,Zhengzhou,Guancheng District,70425 Knight Isle Suite 089 (Near University)
GY752655,Jiàn Lè Huiji Flagship,Zhengzhou,Huiji District,100 Cynthia Well Apt. 825 (Near University)
GY154296,Wēi Ěr Shì Yuzhong Flagship,Chongqing,Yuzhong District,19759 Harrison Circles (Near Metro Station)
GY592598,Wēi Ěr Shì Xiacheng Flagship,Hangzhou,Xiacheng District,97256 Wright Field (Near University)
GY456513,Wēi Ěr Shì Lixia Flagship,Jinan,Lixia District,8867 Matthew Mountains Apt. 872 (Near University)
GY488432,Wēi Kāng Jiangbei Flagship,Chongqing,Jiangbei District,35613 Eric Views Apt. 190 (Near University)
GY254010,Měi Gé Fēi Haizhu Flagship,Guangzhou,Haizhu District,156 Vasquez Mountains (Near Shopping Mall)
GY397360,Wēi Ěr Shì Wuzhong Flagship,Suzhou,Wuzhong District,3287 Garcia Road Apt. 903 (Near University)
GY538228,Wēi Kāng Qingyang Flagship,Chengdu,Qingyang District,4073 Kim Mall Apt. 477 (Near Shopping Mall)
GY930412,Měi Gé Fēi Fengtai Flagship,Beijing,Fengtai District,9496 Scott Knoll Suite 405 (Near University)
GY981817,Wēi Ěr Shì Qiaokou Flagship,Wuhan,Qiaokou District,5471 Garza Neck (Near University)
GY962625,Měi Gé Fēi Yanta Flagship,Xi'an,Yanta District,1480 Sean Rapid Apt. 604 (Near Metro Station)
GY424769,Wēi Kāng Huangdao Flagship,Qingdao,Huangdao District,83491 Pena Street Suite 879 (Near Metro Station)
GY983808,Měi Gé Fēi Chancheng Flagship,Foshan,Chancheng District,3801 Julie Green (Near University)
GY919743,Měi Gé Fēi Wuchang Flagship,Wuhan,Wuchang District,60357 Kayla Mall (Near Shopping Mall)
GY108267,Wēi Kāng Bao'an Flagship,Shenzhen,Bao'an District,353 Vernon Route (Near Shopping Mall)
GY109009,Wēi Ěr Shì Shapingba Flagship,Chongqing,Shapingba District,063 Hawkins Stream (Near University)
GY926866,Lì Měi Xihu Flagship,Hangzhou,Xihu District,79434 Eric Shoals Suite 779 (Near Shopping Mall)
GY134214,Yī Zhào Wéi Dé Huangpu Flagship,Shanghai,Huangpu District,0298 Thompson Flats Apt. 192 (Near Shopping Mall)
GY693439,Jiàn Lè Lixia Flagship,Jinan,Lixia District,067 Smith Course Suite 402 (Near University)
GY087507,Ào Měi Tongzhou Flagship,Beijing,Tongzhou District,83004 Katherine Squares Apt. 105 (Near Shopping Mall)
GY815476,Yī Zhào Wéi Dé Gongshu Flagship,Hangzhou,Gongshu District,8530 Christopher Knolls (Near University)
GY304792,Wēi Kāng Huqiu Flagship,Suzhou,Huqiu District,03538 Ruiz Centers Apt. 300 (Near Metro Station)
GY797264,Lì Měi Gulou Flagship,Nanjing,Gulou District,46687 Pamela Circles (Near Shopping Mall)
GY227230,Jiàn Lè Xihu Flagship,Hangzhou,Xihu District,67507 Martinez Radial Apt. 116 (Near Shopping Mall)
GY016708,Jiàn Lè Licheng Flagship,Jinan,Licheng District,43641 Adams Way (Near Shopping Mall)
GY687795,Měi Gé Fēi Wuzhong Flagship,Suzhou,Wuzhong District,178 Daniel Corner Apt. 076 (Near Metro Station)
GY386651,Lì Měi Jiulongpo Flagship,Chongqing,Jiulongpo District,709 Jones Junctions Suite 503 (Near University)
GY723558,Lì Měi Baiyun Flagship,Guangzhou,Baiyun District,28125 Perry Prairie Apt. 069 (Near Shopping Mall)
GY285855,Wēi Ěr Shì Fengtai Flagship,Beijing,Fengtai District,6583 Rebecca Land (Near Shopping Mall)
GY614573,Wēi Ěr Shì Jianye Flagship,Nanjing,Jianye District,340 Troy Road (Near Metro Station)
GY411712,Jīn Shì Bǎo Nanhai Flagship,Foshan,Nanhai District,74355 Anderson Underpass Suite 354 (Near Metro Station)
GY319716,Lì Měi Huangpu Flagship,Guangzhou,Huangpu District,200 Robert Inlet (Near Metro Station)
GY837054,Wēi Ěr Shì Jinshui Flagship,Zhengzhou,Jinshui District,4470 Smith Loop Apt. 135 (Near Shopping Mall)
GY523557,Jiàn Lè Jinjiang Flagship,Chengdu,Jinjiang District,9281 Susan Mills Apt. 605 (Near Shopping Mall)
GY418725,Lì Měi Jiangbei Flagship,Chongqing,Jiangbei District,1912 Peter Stream Suite 203 (Near University)
GY460189,Jiàn Lè Heping Flagship,Tianjin,Heping District,966 Brady Trail Apt. 459 (Near Metro Station)
GY461570,Měi Gé Fēi Wujiang Flagship,Suzhou,Wujiang District,7009 Silva Motorway Apt. 149 (Near University)
GY306963,Wēi Ěr Shì Yuzhong Flagship,Chongqing,Yuzhong District,67191 Alicia Squares (Near Shopping Mall)
GY636029,Lì Měi Jiulongpo Flagship,Chongqing,Jiulongpo District,813 Christopher Locks (Near Shopping Mall)
GY236435,Wēi Kāng Futian Flagship,Shenzhen,Futian District,29999 Alyssa Brooks Apt. 656 (Near Metro Station)
GY158382,Jīn Shì Bǎo Gaoming Flagship,Foshan,Gaoming District,4677 Ryan Terrace (Near University)
GY061918,Ào Měi Xicheng Flagship,Beijing,Xicheng District,06700 Frank Island (Near Metro Station)
GY916730,Ào Měi Xihu Flagship,Hangzhou,Xihu District,387 Olivia Square Apt. 343 (Near Shopping Mall)
GY372155,Ào Měi Baqiao Flagship,Xi'an,Baqiao District,91186 Scott Ports Suite 456 (Near Metro Station)
GY381068,Wēi Ěr Shì Weiyang Flagship,Xi'an,Weiyang District,73613 Mullins Brook Suite 598 (Near Shopping Mall)
GY104972,Ào Měi Jianggan Flagship,Hangzhou,Jianggan District,97611 Veronica Lights Suite 728 (Near Shopping Mall)
GY517270,Jiàn Lè Gusu Flagship,Suzhou,Gusu District,9623 Phillips Circle Suite 673 (Near University)
GY092753,Yī Zhào Wéi Dé Haizhu Flagship,Guangzhou,Haizhu District,02891 Marisa Coves Apt. 359 (Near Shopping Mall)
GY999073,Ào Měi Tong'an Flagship,Xiamen,Tong'an District,179 Lang Ranch Apt. 184 (Near University)
GY172723,Yī Zhào Wéi Dé Yantian Flagship,Shenzhen,Yantian District,54338 Arnold Stream Suite 835 (Near University)
GY713024,Jīn Shì Bǎo Nan'an Flagship,Chongqing,Nan'an District,13301 Smith Wells (Near University)
GY351601,Měi Gé Fēi Chenghua Flagship,Chengdu,Chenghua District,6472 Karen Port Suite 595 (Near Metro Station)
GY661179,Jīn Shì Bǎo Erqi Flagship,Zhengzhou,Erqi District,80355 Leach Manor (Near Shopping Mall)
GY797751,Wēi Kāng Nancheng Flagship,Dongguan,Nancheng District,896 Chapman Lane (Near University)
GY465252,Yī Zhào Wéi Dé Liwan Flagship,Guangzhou,Liwan District,082 James Point (Near Shopping Mall)
GY910096,Wēi Ěr Shì Binjiang Flagship,Hangzhou,Binjiang District,4515 Lewis Isle (Near University)
GY991564,Wēi Ěr Shì Xiacheng Flagship,Hangzhou,Xiacheng District,1994 Moore Circles Suite 447 (Near University)
GY270728,Wēi Kāng Gongshu Flagship,Hangzhou,Gongshu District,84513 Bennett Mews (Near University)
GY544543,Wēi Kāng Luohu Flagship,Shenzhen,Luohu District,7508 Moore Lake Suite 394 (Near University)
GY225043,Wēi Kāng Ganjingzi Flagship,Dalian,Ganjingzi District,793 Murray Turnpike Apt. 193 (Near Metro Station)
GY069008,Jiàn Lè Wuchang Flagship,Wuhan,Wuchang District,0315 Hoffman Mill Suite 957 (Near University)
GY810977,Ào Měi Wujiang Flagship,Suzhou,Wujiang District,4692 Adams Roads Suite 084 (Near Metro Station)
GY060945,Wēi Kāng Changning Flagship,Shanghai,Changning District,8302 Jeff Ridge Suite 171 (Near University)
GY400211,Yī Zhào Wéi Dé Fengtai Flagship,Beijing,Fengtai District,7032 Rogers Neck Suite 569 (Near Metro Station)
GY165304,Jiàn Lè Ganjingzi Flagship,Dalian,Ganjingzi District,36243 Thomas Ports Apt. 377 (Near Shopping Mall)
GY939009,Jīn Shì Bǎo Shijingshan Flagship,Beijing,Shijingshan District,206 Jennifer Villages Apt. 701 (Near Metro Station)
GY242722,Yī Zhào Wéi Dé Jianggan Flagship,Hangzhou,Jianggan District,4080 Brown Trail Suite 600 (Near University)
GY904171,Wēi Kāng Bao'an Flagship,Shenzhen,Bao'an District,39407 Carlos Shoal Apt. 047 (Near University)
GY777101,Jīn Shì Bǎo Haidian Flagship,Beijing,Haidian District,92413 Shannon Views Suite 552 (Near Shopping Mall)
GY246616,Wēi Ěr Shì Zhongshan Flagship,Dalian,Zhongshan District,74495 Christensen Mission (Near University)
GY401706,Yī Zhào Wéi Dé Xincheng Flagship,Xi'an,Xincheng District,11298 Johnson Mission (Near Metro Station)
GY535554,Wēi Ěr Shì Huiji Flagship,Zhengzhou,Huiji District,2475 Sarah Lock Apt. 398 (Near Metro Station)
GY722359,Jiàn Lè Tongzhou Flagship,Beijing,Tongzhou District,72336 Crystal Hollow Suite 692 (Near University)
GY596074,Yī Zhào Wéi Dé Shinan Flagship,Qingdao,Shinan District,456 Terrell Field (Near Metro Station)
GY356059,Ào Měi Yanta Flagship,Xi'an,Yanta District,76433 Kathleen Knolls (Near University)
GY055109,Jīn Shì Bǎo Yuexiu Flagship,Guangzhou,Yuexiu District,0160 Cardenas Coves Apt. 534 (Near Shopping Mall)
GY014722,Yī Zhào Wéi Dé Haidian Flagship,Beijing,Haidian District,152 Julia Trace (Near Metro Station)
GY603770,Ào Měi Weiyang Flagship,Xi'an,Weiyang District,378 Peter Road Apt. 075 (Near University)
GY092829,Wēi Ěr Shì Shahekou Flagship,Dalian,Shahekou District,98896 Fry Plaza Apt. 488 (Near Metro Station)
GY588571,Wēi Ěr Shì Dongcheng Flagship,Dongguan,Dongcheng District,34176 Claudia Forge (Near Metro Station)
GY375318,Jīn Shì Bǎo Chancheng Flagship,Foshan,Chancheng District,4932 Diaz Harbor (Near Metro Station)
GY681158,Měi Gé Fēi Yantian Flagship,Shenzhen,Yantian District,54365 Williams Flat Suite 357 (Near Metro Station)
GY926671,Yī Zhào Wéi Dé Shijingshan Flagship,Beijing,Shijingshan District,3693 Ortiz Lodge (Near University)
GY929665,Wēi Kāng Hongkou Flagship,Shanghai,Hongkou District,038 Kim Roads (Near University)
GY069541,Ào Měi Huiji Flagship,Zhengzhou,Huiji District,83240 Jeffrey Radial Apt. 103 (Near University)
GY139886,Wēi Kāng Huangpu Flagship,Guangzhou,Huangpu District,08090 Whitaker Ports Apt. 735 (Near Shopping Mall)
GY079541,Jiàn Lè Jinjiang Flagship,Chengdu,Jinjiang District,005 Castillo Dam (Near Metro Station)
GY355492,Yī Zhào Wéi Dé Qiaokou Flagship,Wuhan,Qiaokou District,48372 Anderson Forge Apt. 534 (Near Shopping Mall)
GY014429,Wēi Kāng Nanshan Flagship,Shenzhen,Nanshan District,005 Martinez Green (Near Metro Station)
GY600932,Lì Měi Haicang Flagship,Xiamen,Haicang District,67695 Garcia Lane Suite 645 (Near Shopping Mall)
GY356349,Měi Gé Fēi Shapingba Flagship,Chongqing,Shapingba District,3697 Bradley Vista (Near Metro Station)
GY286922,Ào Měi Kaifu Flagship,Changsha,Kaifu District,2808 Knapp Ranch Apt. 672 (Near Shopping Mall)
GY823410,Yī Zhào Wéi Dé Wuchang Flagship,Wuhan,Wuchang District,788 Nicole Walks (Near Metro Station)
GY051525,Jīn Shì Bǎo Zhongyuan Flagship,Zhengzhou,Zhongyuan District,37591 Christine Drives (Near Shopping Mall)
GY639740,Jiàn Lè Bao'an Flagship,Shenzhen,Bao'an District,112 Brown Extension Apt. 666 (Near Shopping Mall)
GY521102,Jiàn Lè Wuhou Flagship,Chengdu,Wuhou District,83077 Cruz Plaza Suite 167 (Near University)
GY934227,Yī Zhào Wéi Dé Bao'an Flagship,Shenzhen,Bao'an District,97925 Taylor Summit Suite 875 (Near Shopping Mall)
GY907898,Wēi Kāng Longquanyi Flagship,Chengdu,Longquanyi District,462 Shannon Roads Apt. 375 (Near Shopping Mall)
GY672104,Wēi Ěr Shì Chenghua Flagship,Chengdu,Chenghua District,3924 Melissa Track (Near Metro Station)
GY678047,Jīn Shì Bǎo Shijingshan Flagship,Beijing,Shijingshan District,42671 Johnson Rue (Near Shopping Mall)
GY031351,Měi Gé Fēi Nankai Flagship,Tianjin,Nankai District,1739 Mary Oval (Near Shopping Mall)
GY941166,Yī Zhào Wéi Dé Shizhong Flagship,Jinan,Shizhong District,41935 Hill Mews (Near University)
GY325258,Yī Zhào Wéi Dé Hongkou Flagship,Shanghai,Hongkou District,909 Emily Brook (Near Metro Station)
GY231794,Yī Zhào Wéi Dé Jianghan Flagship,Wuhan,Jianghan District,011 Allen Branch Suite 659 (Near Metro Station)
GY365485,Wēi Kāng Huangpu Flagship,Guangzhou,Huangpu District,117 Kenneth Freeway (Near Metro Station)
GY162142,Měi Gé Fēi Xiang'an Flagship,Xiamen,Xiang'an District,1251 Mendez Stream (Near University)
GY164968,Wēi Ěr Shì Zhongshan Flagship,Dalian,Zhongshan District,3380 Pratt Harbors (Near University)
GY164765,Jiàn Lè Chengyang Flagship,Qingdao,Chengyang District,43468 Erickson Groves Suite 834 (Near Shopping Mall)
GY180669,Ào Měi Fenghua Flagship,Ningbo,Fenghua District,7584 Brittany Views (Near University)
GY628303,Yī Zhào Wéi Dé Hebei Flagship,Tianjin,Hebei District,2459 Woods Drive (Near Shopping Mall)
GY851045,Jīn Shì Bǎo Liwan Flagship,Guangzhou,Liwan District,13860 Martin Way Suite 156 (Near Shopping Mall)
GY508075,Jiàn Lè Shizhong Flagship,Jinan,Shizhong District,1830 Tricia Lodge Apt. 192 (Near Shopping Mall)
GY601717,Měi Gé Fēi Fenghua Flagship,Ningbo,Fenghua District,02684 Jacob Mount Suite 989 (Near Metro Station)
GY362747,Lì Měi Huqiu Flagship,Suzhou,Huqiu District,8351 Clark Drive Apt. 856 (Near University)
GY192714,Wēi Ěr Shì Binhu Flagship,Wuxi,Binhu District,94261 Megan Stravenue (Near Metro Station)
GY424379,Jīn Shì Bǎo Wuchang Flagship,Wuhan,Wuchang District,62718 Kline Groves (Near University)
GY352439,Lì Měi Futian Flagship,Shenzhen,Futian District,755 Green Mills (Near Metro Station)
GY729197,Wēi Ěr Shì Zhongshan Flagship,Dalian,Zhongshan District,6738 Andre Crossroad Apt. 403 (Near University)
GY697879,Wēi Kāng Futian Flagship,Shenzhen,Futian District,16251 Linda Place Apt. 779 (Near University)
GY229648,Měi Gé Fēi Gaoming Flagship,Foshan,Gaoming District,12427 Barnes Square Apt. 018 (Near Metro Station)
GY597873,Jīn Shì Bǎo Jing'an Flagship,Shanghai,Jing'an District,6960 Jacobs Lakes Apt. 806 (Near Shopping Mall)
GY298378,Ào Měi Wuzhong Flagship,Suzhou,Wuzhong District,00043 Catherine Parkways Suite 199 (Near University)
GY873199,Wēi Kāng Changning Flagship,Shanghai,Changning District,757 Lisa Ramp (Near Shopping Mall)
GY943545,Měi Gé Fēi Licheng Flagship,Jinan,Licheng District,9454 Lisa Ferry (Near University)
GY277022,Jiàn Lè Xinwu Flagship,Wuxi,Xinwu District,683 Jessica Village (Near Metro Station)
GY146310,Lì Měi Yuexiu Flagship,Guangzhou,Yuexiu District,451 Nichole Pass (Near Metro Station)
GY194251,Jiàn Lè Gusu Flagship,Suzhou,Gusu District,758 Kennedy Mews (Near Shopping Mall)
GY539748,Yī Zhào Wéi Dé Lvshunkou Flagship,Dalian,Lvshunkou District,126 Zachary Ferry (Near University)
GY597722,Měi Gé Fēi Jinshui Flagship,Zhengzhou,Jinshui District,0530 Christopher Village Suite 440 (Near Metro Station)
GY674814,Wēi Ěr Shì Hongkou Flagship,Shanghai,Hongkou District,279 Ramirez Green (Near Metro Station)
GY976894,Měi Gé Fēi Yuexiu Flagship,Guangzhou,Yuexiu District,075 Khan Loop Suite 294 (Near University)
GY899440,Wēi Ěr Shì Haizhu Flagship,Guangzhou,Haizhu District,778 Jessica Track Suite 570 (Near Metro Station)
GY453307,Wēi Kāng Beibei Flagship,Chongqing,Beibei District,751 Wilson Springs (Near Metro Station)
GY274837,Jiàn Lè Qinhuai Flagship,Nanjing,Qinhuai District,625 Tyler Drive (Near Shopping Mall)
GY629605,Wēi Ěr Shì Futian Flagship,Shenzhen,Futian District,5223 Cynthia Circles Suite 477 (Near University)
GY034910,Wēi Kāng Huangpu Flagship,Guangzhou,Huangpu District,3705 Martin Well (Near Shopping Mall)
GY789462,Lì Měi Xicheng Flagship,Beijing,Xicheng District,0220 Cortez Expressway Apt. 636 (Near Shopping Mall)
GY958698,Wēi Kāng Hongkou Flagship,Shanghai,Hongkou District,2299 Debra Oval Suite 483 (Near Metro Station)
GY809011,Jīn Shì Bǎo Yuhuatai Flagship,Nanjing,Yuhuatai District,41785 Craig Parks (Near Shopping Mall)
GY268201,Wēi Ěr Shì Haidian Flagship,Beijing,Haidian District,602 Bryan Ways Suite 147 (Near Metro Station)
GY845841,Jiàn Lè Gulou Flagship,Nanjing,Gulou District,65052 Tiffany Circle Apt. 919 (Near Shopping Mall)
GY057831,Měi Gé Fēi Yuelu Flagship,Changsha,Yuelu District,130 Steven Ports Apt. 044 (Near University)
GY881808,Wēi Ěr Shì Chaoyang Flagship,Beijing,Chaoyang District,9864 Cordova Path (Near Metro Station)
GY987472,Wēi Kāng Chenghua Flagship,Chengdu,Chenghua District,17813 Randall Divide (Near University)
GY554797,Wēi Ěr Shì Yuexiu Flagship,Guangzhou,Yuexiu District,134 Norma Valley (Near Shopping Mall)
GY678661,Yī Zhào Wéi Dé Jiangbei Flagship,Ningbo,Jiangbei District,898 Bruce Field (Near Metro Station)
GY162572,Yī Zhào Wéi Dé Huangpu Flagship,Shanghai,Huangpu District,9455 Pierce Crossroad Suite 487 (Near University)
GY125459,Jiàn Lè Yuexiu Flagship,Guangzhou,Yuexiu District,94618 Daniel Crest (Near Metro Station)
GY987462,Yī Zhào Wéi Dé Tongzhou Flagship,Beijing,Tongzhou District,1070 Janet Fort Apt. 897 (Near University)
GY271884,Lì Měi Dongcheng Flagship,Beijing,Dongcheng District,53163 Marshall Plains Apt. 816 (Near University)
GY818689,Wēi Kāng Gaoming Flagship,Foshan,Gaoming District,5737 David Course Suite 625 (Near University)
GY839193,Jiàn Lè Jianggan Flagship,Hangzhou,Jianggan District,092 Hughes Flats Apt. 509 (Near University)
GY034591,Yī Zhào Wéi Dé Huangpu Flagship,Shanghai,Huangpu District,8937 Thomas Square Apt. 718 (Near Shopping Mall)
GY827291,Wēi Kāng Longgang Flagship,Shenzhen,Longgang District,12256 Eric Village (Near Metro Station)
GY444050,Jīn Shì Bǎo Bao'an Flagship,Shenzhen,Bao'an District,514 Grant Square (Near University)
GY628631,Ào Měi Jinjiang Flagship,Chengdu,Jinjiang District,2586 Ricky Ferry (Near Shopping Mall)
GY464616,Wēi Kāng Liangxi Flagship,Wuxi,Liangxi District,1006 Rachael Turnpike (Near Metro Station)
GY507652,Měi Gé Fēi Jianggan Flagship,Hangzhou,Jianggan District,881 Sabrina Island (Near Shopping Mall)
GY140873,Měi Gé Fēi Jiangbei Flagship,Chongqing,Jiangbei District,4352 Avila Harbor (Near University)
GY170177,Wēi Ěr Shì Fengtai Flagship,Beijing,Fengtai District,960 Thompson Harbor Apt. 341 (Near Metro Station)
GY675315,Jiàn Lè Longgang Flagship,Shenzhen,Longgang District,097 Thomas Street (Near Metro Station)
GY585238,Wēi Ěr Shì Tianhe Flagship,Guangzhou,Tianhe District,3350 Mclaughlin Forks (Near Shopping Mall)
GY302687,Yī Zhào Wéi Dé Beilun Flagship,Ningbo,Beilun District,0270 Bell Haven Apt. 512 (Near University)
GY673528,Jīn Shì Bǎo Xicheng Flagship,Beijing,Xicheng District,2868 Stanley Summit (Near Metro Station)
GY543074,Yī Zhào Wéi Dé Hebei Flagship,Tianjin,Hebei District,36345 Wendy Ridges Apt. 491 (Near Shopping Mall)
GY544821,Wēi Kāng Fengtai Flagship,Beijing,Fengtai District,631 Deanna Manor Apt. 994 (Near Metro Station)
GY709666,Ào Měi Guancheng Flagship,Zhengzhou,Guancheng District,4777 Diaz Crossroad (Near Metro Station)
GY174739,Wēi Ěr Shì Jiangbei Flagship,Chongqing,Jiangbei District,3513 Ewing Crescent Apt. 278 (Near Metro Station)
GY906710,Wēi Kāng Shahekou Flagship,Dalian,Shahekou District,02260 Yang Islands Suite 288 (Near Shopping Mall)
GY775398,Yī Zhào Wéi Dé Tong'an Flagship,Xiamen,Tong'an District,7141 David Parkways Suite 020 (Near University)
GY974567,Wēi Kāng Hongkou Flagship,Shanghai,Hongkou District,7709 King Extension (Near Shopping Mall)
GY664540,Měi Gé Fēi Tianxin Flagship,Changsha,Tianxin District,1993 Robinson Path Apt. 999 (Near Metro Station)
GY598203,Wēi Kāng Liwan Flagship,Guangzhou,Liwan District,538 Trevor Underpass Apt. 954 (Near Metro Station)
GY624092,Měi Gé Fēi Xiang'an Flagship,Xiamen,Xiang'an District,55758 Burton Shoal Suite 993 (Near Shopping Mall)
GY701388,Jiàn Lè Tianqiao Flagship,Jinan,Tianqiao District,91730 Madison Radial Suite 134 (Near University)
GY568912,Wēi Ěr Shì Shinan Flagship,Qingdao,Shinan District,63534 Jennifer Ramp (Near University)
GY868387,Jīn Shì Bǎo Industrial Flagship,Suzhou,Industrial Park District,9667 Danielle Tunnel Apt. 889 (Near University)
GY468865,Yī Zhào Wéi Dé Qingyang Flagship,Chengdu,Qingyang District,825 Day Heights Apt. 007 (Near University)
GY842325,Lì Měi Haishu Flagship,Ningbo,Haishu District,32174 Montoya Junctions (Near Shopping Mall)
GY205356,Jīn Shì Bǎo Tianxin Flagship,Changsha,Tianxin District,53084 Victor Stravenue (Near Metro Station)
GY777814,Wēi Kāng Huaiyin Flagship,Jinan,Huaiyin District,74419 Campbell Throughway (Near Shopping Mall)
GY766200,Wēi Ěr Shì Dongcheng Flagship,Beijing,Dongcheng District,32743 Chad Squares (Near University)
GY567703,Jīn Shì Bǎo Fengtai Flagship,Beijing,Fengtai District,50209 Simmons Shores (Near Shopping Mall)
GY590143,Wēi Kāng Putuo Flagship,Shanghai,Putuo District,009 Kevin Villages (Near Shopping Mall)
GY266767,Yī Zhào Wéi Dé Chenghua Flagship,Chengdu,Chenghua District,9198 Patterson Brook (Near Metro Station)
GY441497,Lì Měi Longquanyi Flagship,Chengdu,Longquanyi District,0327 Anthony Meadow Apt. 548 (Near Shopping Mall)
GY855806,Wēi Kāng Fengtai Flagship,Beijing,Fengtai District,36986 Guerra Cape (Near Shopping Mall)
GY045588,Yī Zhào Wéi Dé Jianggan Flagship,Hangzhou,Jianggan District,06003 Jeanne Island (Near Shopping Mall)
GY857414,Wēi Kāng Gulou Flagship,Nanjing,Gulou District,2527 Kevin Track (Near University)
GY608133,Jiàn Lè Shijingshan Flagship,Beijing,Shijingshan District,795 Chambers Mews (Near University)
GY172225,Jīn Shì Bǎo Yuhua Flagship,Changsha,Yuhua District,660 Figueroa Square (Near University)
GY110072,Ào Měi Yanta Flagship,Xi'an,Yanta District,9407 Daniel Trail (Near Metro Station)
GY200061,Měi Gé Fēi Nan'an Flagship,Chongqing,Nan'an District,2824 Baker Crossroad Apt. 422 (Near Shopping Mall)
GY752377,Lì Měi Tianhe Flagship,Guangzhou,Tianhe District,300 Phillips Brooks (Near Metro Station)
GY328292,Ào Měi Shapingba Flagship,Chongqing,Shapingba District,290 Keith Trace (Near Metro Station)
GY501396,Měi Gé Fēi Yuzhong Flagship,Chongqing,Yuzhong District,9879 Robert Mews Apt. 113 (Near Metro Station)
GY119381,Ào Měi Baqiao Flagship,Xi'an,Baqiao District,14479 Freeman Roads (Near Metro Station)
GY383917,Wēi Kāng Nan'an Flagship,Chongqing,Nan'an District,392 Wilson Stream Apt. 604 (Near Shopping Mall)
GY827105,Lì Měi Gongshu Flagship,Hangzhou,Gongshu District,84669 Jacobs Green (Near University)
GY041451,Jiàn Lè Yangpu Flagship,Shanghai,Yangpu District,821 Horne Rapid Suite 604 (Near University)
GY549013,Ào Měi Xicheng Flagship,Beijing,Xicheng District,7106 Robert Lane (Near Shopping Mall)
GY649862,Měi Gé Fēi Guancheng Flagship,Zhengzhou,Guancheng District,856 Edwards Valleys (Near Metro Station)
GY842868,Wēi Ěr Shì Heping Flagship,Tianjin,Heping District,13357 Nelson Cliffs (Near Shopping Mall)
GY582930,Měi Gé Fēi Yuzhong Flagship,Chongqing,Yuzhong District,61348 Curry Stream (Near Shopping Mall)
GY350355,Ào Měi Xigang Flagship,Dalian,Xigang District,08461 Hannah Mountains (Near Metro Station)
GY196210,Wēi Kāng Yanta Flagship,Xi'an,Yanta District,7509 Calvin Pass (Near Metro Station)
GY270541,Wēi Ěr Shì Haidian Flagship,Beijing,Haidian District,04603 Villarreal Square (Near Metro Station)
GY843590,Měi Gé Fēi Dongcheng Flagship,Dongguan,Dongcheng District,241 Carr Falls (Near Shopping Mall)
GY923193,Jiàn Lè Hongkou Flagship,Shanghai,Hongkou District,4429 Vincent Tunnel (Near Metro Station)
GY784236,Lì Měi Kaifu Flagship,Changsha,Kaifu District,36371 Wilkins Prairie Apt. 129 (Near Metro Station)
GY419750,Lì Měi Xuhui Flagship,Shanghai,Xuhui District,218 Michael Meadows Apt. 593 (Near Shopping Mall)
GY929317,Ào Měi Yuelu Flagship,Changsha,Yuelu District,992 Taylor Row Suite 239 (Near Shopping Mall)
GY482515,Jīn Shì Bǎo Binjiang Flagship,Hangzhou,Binjiang District,291 Samuel Highway Apt. 287 (Near University)
GY920226,Yī Zhào Wéi Dé Beilun Flagship,Ningbo,Beilun District,7449 Charles Wells (Near Metro Station)
GY589724,Měi Gé Fēi Licheng Flagship,Jinan,Licheng District,831 Dawn Rue Suite 986 (Near University)
GY595233,Wēi Kāng Lvshunkou Flagship,Dalian,Lvshunkou District,44597 Austin Overpass Apt. 295 (Near Metro Station)
GY484510,Ào Měi Jiulongpo Flagship,Chongqing,Jiulongpo District,7639 Stephanie Motorway (Near Shopping Mall)
GY744300,Wēi Ěr Shì Shahekou Flagship,Dalian,Shahekou District,491 Angela Mountains Apt. 950 (Near Metro Station)
GY102241,Wēi Kāng Xincheng Flagship,Xi'an,Xincheng District,101 William Greens (Near University)
GY303867,Ào Měi Yangpu Flagship,Shanghai,Yangpu District,551 John Divide (Near Metro Station)
GY252688,Měi Gé Fēi Yinzhou Flagship,Ningbo,Yinzhou District,258 Dawson Springs (Near Metro Station)
GY162917,Ào Měi Fengtai Flagship,Beijing,Fengtai District,946 Davis Shores (Near University)
GY306120,Měi Gé Fēi Putuo Flagship,Shanghai,Putuo District,3148 Kelly Gateway (Near University)
GY337594,Wēi Kāng Changqing Flagship,Jinan,Changqing District,8852 Tracy Ports Apt. 561 (Near Shopping Mall)
GY610696,Lì Měi Hongkou Flagship,Shanghai,Hongkou District,34779 Amanda Circle (Near Metro Station)
GY556982,Měi Gé Fēi Jiang'an Flagship,Wuhan,Jiang'an District,170 Sarah Lock Apt. 532 (Near University)
GY780522,Měi Gé Fēi Yangpu Flagship,Shanghai,Yangpu District,150 Mitchell Prairie (Near Shopping Mall)
GY756241,Wēi Kāng Tongzhou Flagship,Beijing,Tongzhou District,188 Gary Bypass Suite 673 (Near University)
GY875647,Měi Gé Fēi Fengtai Flagship,Beijing,Fengtai District,849 Rodgers Key Suite 075 (Near Shopping Mall)
GY108859,Ào Měi Hongshan Flagship,Wuhan,Hongshan District,3310 Wallace Walk Apt. 500 (Near Metro Station)
GY573024,Jiàn Lè Bao'an Flagship,Shenzhen,Bao'an District,3403 Karen Branch (Near University)
GY642998,Jīn Shì Bǎo Xiangcheng Flagship,Suzhou,Xiangcheng District,60377 Michael Parkway Suite 090 (Near University)
GY328067,Lì Měi Shunde Flagship,Foshan,Shunde District,1062 Burgess Inlet Apt. 740 (Near Shopping Mall)
GY319684,Lì Měi Binhu Flagship,Wuxi,Binhu District,1613 Antonio Stream Suite 000 (Near Metro Station)
GY717025,Lì Měi Gulou Flagship,Nanjing,Gulou District,49223 Kimberly Shores (Near Metro Station)
GY749814,Lì Měi Hanyang Flagship,Wuhan,Hanyang District,9768 Frey Vista (Near Metro Station)
GY568141,Měi Gé Fēi Binjiang Flagship,Hangzhou,Binjiang District,4946 Davis Gardens (Near Shopping Mall)
GY357259,Wēi Kāng Shizhong Flagship,Jinan,Shizhong District,8265 Timothy Circles (Near Shopping Mall)
GY668178,Měi Gé Fēi Jing'an Flagship,Shanghai,Jing'an District,2167 Gomez Way Apt. 708 (Near Metro Station)
GY476239,Měi Gé Fēi Haizhu Flagship,Guangzhou,Haizhu District,635 Hall Vista Suite 385 (Near Shopping Mall)
GY697601,Yī Zhào Wéi Dé Xishan Flagship,Wuxi,Xishan District,56758 Griffin Squares (Near Shopping Mall)
GY579437,Wēi Kāng Liangxi Flagship,Wuxi,Liangxi District,654 Estrada Dam (Near Shopping Mall)
GY192227,Yī Zhào Wéi Dé Longgang Flagship,Shenzhen,Longgang District,669 Brown Drive (Near Metro Station)
GY514725,Ào Měi Licheng Flagship,Jinan,Licheng District,41007 Rivera Parkway (Near Metro Station)
GY598923,Wēi Kāng Huqiu Flagship,Suzhou,Huqiu District,674 Susan Road (Near Metro Station)
GY344569,Jīn Shì Bǎo Erqi Flagship,Zhengzhou,Erqi District,4044 Ruth Mills (Near Metro Station)
GY593944,Ào Měi Kaifu Flagship,Changsha,Kaifu District,2599 Tyler Mews (Near Shopping Mall)
GY203858,Jīn Shì Bǎo Xicheng Flagship,Beijing,Xicheng District,952 Patricia Street Apt. 075 (Near Metro Station)
GY256756,Lì Měi Huqiu Flagship,Suzhou,Huqiu District,18524 Patricia Burgs Apt. 837 (Near University)
GY150531,Wēi Kāng Xicheng Flagship,Beijing,Xicheng District,84653 Williams Springs Apt. 924 (Near Metro Station)
GY113587,Ào Měi Futian Flagship,Shenzhen,Futian District,556 Matthew Court (Near University)
GY585321,Wēi Kāng Longgang Flagship,Shenzhen,Longgang District,4374 Smith Crossing Apt. 320 (Near Shopping Mall)
GY807116,Jiàn Lè Haizhu Flagship,Guangzhou,Haizhu District,867 Clark Freeway (Near Shopping Mall)
GY094189,Jīn Shì Bǎo Hedong Flagship,Tianjin,Hedong District,02186 Tran Views Apt. 757 (Near Metro Station)
GY398186,Jīn Shì Bǎo Nancheng Flagship,Dongguan,Nancheng District,5822 Tracy Views Apt. 303 (Near University)
GY240684,Yī Zhào Wéi Dé Yuhuatai Flagship,Nanjing,Yuhuatai District,517 Fleming Ways (Near Metro Station)
GY568453,Yī Zhào Wéi Dé Jinniu Flagship,Chengdu,Jinniu District,763 Jorge Radial (Near University)
GY177116,Ào Měi Wuzhong Flagship,Suzhou,Wuzhong District,91715 Kevin Fields (Near University)
GY806823,Měi Gé Fēi Jinshui Flagship,Zhengzhou,Jinshui District,87761 Kathryn Skyway Apt. 098 (Near Metro Station)
GY585111,Lì Měi Shahekou Flagship,Dalian,Shahekou District,5621 Williams Neck (Near University)
GY652612,Wēi Kāng Jiang'an Flagship,Wuhan,Jiang'an District,46389 Matthew Underpass (Near Metro Station)
GY648484,Měi Gé Fēi Hongshan Flagship,Wuhan,Hongshan District,02503 Hamilton Plaza Suite 975 (Near University)
GY393015,Měi Gé Fēi Shapingba Flagship,Chongqing,Shapingba District,524 Harris Views Suite 366 (Near University)
GY366143,Lì Měi Xuanwu Flagship,Nanjing,Xuanwu District,57779 Stewart Crossroad Suite 456 (Near Shopping Mall)
GY023071,Wēi Kāng Licang Flagship,Qingdao,Licang District,25099 Lin Village (Near University)
GY296639,Lì Měi Beibei Flagship,Chongqing,Beibei District,79096 Guzman Lake Apt. 988 (Near Metro Station)
GY656332,Wēi Ěr Shì Jimei Flagship,Xiamen,Jimei District,70158 Hays Street (Near Metro Station)
GY023653,Wēi Kāng Haidian Flagship,Beijing,Haidian District,0798 Stone Pass (Near University)
GY125224,Jīn Shì Bǎo Xihu Flagship,Hangzhou,Xihu District,5648 Nguyen Summit Apt. 437 (Near Metro Station)
GY167302,Ào Měi Wanjiang Flagship,Dongguan,Wanjiang District,193 Hale Forest (Near University)
GY147558,Ào Měi Yantian Flagship,Shenzhen,Yantian District,721 Michael Ports Suite 078 (Near Shopping Mall)
GY886490,Měi Gé Fēi Zhenhai Flagship,Ningbo,Zhenhai District,60705 Heath Ranch (Near Shopping Mall)
GY495913,Wēi Kāng Yanta Flagship,Xi'an,Yanta District,90649 Ray Trace (Near University)
GY584202,Wēi Ěr Shì Xicheng Flagship,Beijing,Xicheng District,557 Bryan Route Suite 915 (Near Metro Station)
GY004015,Měi Gé Fēi Gaoming Flagship,Foshan,Gaoming District,0425 Thompson Trace Suite 150 (Near University)
GY898318,Wēi Ěr Shì Haidian Flagship,Beijing,Haidian District,4306 Johns Vista (Near University)
GY951819,Lì Měi Hanyang Flagship,Wuhan,Hanyang District,92597 Rodriguez Island Apt. 087 (Near Shopping Mall)
GY094179,Jīn Shì Bǎo Yantian Flagship,Shenzhen,Yantian District,882 Sheila Extensions Suite 870 (Near Metro Station)
GY282240,Jiàn Lè Jianghan Flagship,Wuhan,Jianghan District,71708 Mark Unions Suite 532 (Near Metro Station)
GY127218,Wēi Ěr Shì Yuhua Flagship,Changsha,Yuhua District,9872 Nicole Groves Apt. 858 (Near Shopping Mall)
GY944148,Jiàn Lè Jing'an Flagship,Shanghai,Jing'an District,9485 Larson Via Apt. 022 (Near Shopping Mall)
GY767283,Lì Měi Bao'an Flagship,Shenzhen,Bao'an District,814 Martin Inlet (Near University)
GY067959,Wēi Ěr Shì Huangdao Flagship,Qingdao,Huangdao District,697 Nguyen Squares (Near University)
GY332455,Měi Gé Fēi Wuchang Flagship,Wuhan,Wuchang District,59089 Howe Stream (Near University)
GY394763,Jīn Shì Bǎo Huli Flagship,Xiamen,Huli District,97233 Kirk Unions Suite 924 (Near University)
GY185749,Yī Zhào Wéi Dé Beilin Flagship,Xi'an,Beilin District,414 Martin Well Suite 969 (Near Metro Station)
GY654375,Lì Měi Huqiu Flagship,Suzhou,Huqiu District,6033 Santos Ford Apt. 700 (Near University)
GY560133,Jīn Shì Bǎo Wuzhong Flagship,Suzhou,Wuzhong District,036 Hamilton Island Apt. 786 (Near Shopping Mall)
GY186720,Wēi Kāng Nanhai Flagship,Foshan,Nanhai District,134 Washington Branch (Near Shopping Mall)
GY283841,Jiàn Lè Xiangcheng Flagship,Suzhou,Xiangcheng District,61826 Miguel Center (Near Shopping Mall)
GY435783,Lì Měi Gongshu Flagship,Hangzhou,Gongshu District,16248 Deborah Terrace (Near Metro Station)
GY643791,Yī Zhào Wéi Dé Huiji Flagship,Zhengzhou,Huiji District,6669 Sims Mews Suite 862 (Near University)
GY458750,Měi Gé Fēi Xihu Flagship,Hangzhou,Xihu District,948 Allen Estates (Near University)
GY936777,Wēi Kāng Licang Flagship,Qingdao,Licang District,9609 Elizabeth Unions Suite 515 (Near University)
GY742023,Měi Gé Fēi Tianxin Flagship,Changsha,Tianxin District,3631 Robert Lodge Apt. 140 (Near Shopping Mall)
GY602921,Wēi Kāng Chaoyang Flagship,Beijing,Chaoyang District,66327 Waller Road (Near University)
GY092917,Jīn Shì Bǎo Xincheng Flagship,Xi'an,Xincheng District,483 Anthony Curve (Near University)
GY979429,Jīn Shì Bǎo Yangpu Flagship,Shanghai,Yangpu District,29228 King Islands Apt. 857 (Near Metro Station)
GY736045,Jiàn Lè Yuzhong Flagship,Chongqing,Yuzhong District,433 Castro Loop (Near Shopping Mall)
GY351233,Jiàn Lè Binjiang Flagship,Hangzhou,Binjiang District,2476 Woods Valley (Near Shopping Mall)
GY398041,Wēi Ěr Shì Tongzhou Flagship,Beijing,Tongzhou District,64237 Adams Place (Near Shopping Mall)
GY997533,Yī Zhào Wéi Dé Siming Flagship,Xiamen,Siming District,1303 Chelsea Groves Suite 940 (Near University)
GY415430,Měi Gé Fēi Baiyun Flagship,Guangzhou,Baiyun District,1580 Crawford Springs (Near University)
GY584755,Ào Měi Wuchang Flagship,Wuhan,Wuchang District,479 Roger Fords Suite 924 (Near University)
GY361318,Jiàn Lè Chengyang Flagship,Qingdao,Chengyang District,8924 Richard Port (Near University)
GY276329,Yī Zhào Wéi Dé Fenghua Flagship,Ningbo,Fenghua District,07144 Jose Rapid Suite 873 (Near Shopping Mall)
GY636338,Jiàn Lè Qingyang Flagship,Chengdu,Qingyang District,920 Mills Harbor Apt. 134 (Near Metro Station)
GY347258,Lì Měi Qinhuai Flagship,Nanjing,Qinhuai District,80946 Michele Heights Suite 294 (Near University)
GY209138,Jiàn Lè Shizhong Flagship,Jinan,Shizhong District,0962 Mark Grove Suite 085 (Near University)
GY639695,Lì Měi Longgang Flagship,Shenzhen,Longgang District,44427 Welch Land Apt. 513 (Near University)
GY256704,Měi Gé Fēi Dongcheng Flagship,Beijing,Dongcheng District,8818 Baker Ranch (Near University)
GY119161,Ào Měi Haishu Flagship,Ningbo,Haishu District,73785 Edward Keys (Near Metro Station)
GY551278,Jīn Shì Bǎo Jinjiang Flagship,Chengdu,Jinjiang District,6033 Zavala Stravenue Apt. 057 (Near University)
GY707901,Ào Měi Jiang'an Flagship,Wuhan,Jiang'an District,19462 Wilson Springs Suite 726 (Near Shopping Mall)
GY619450,Yī Zhào Wéi Dé Putuo Flagship,Shanghai,Putuo District,18307 Carter Wells Suite 717 (Near Shopping Mall)
GY570772,Jiàn Lè Shijingshan Flagship,Beijing,Shijingshan District,277 Anthony Plains Apt. 157 (Near Shopping Mall)
GY079284,Měi Gé Fēi Huqiu Flagship,Suzhou,Huqiu District,4339 Amanda Pass Apt. 175 (Near Metro Station)
GY575682,Wēi Ěr Shì Beibei Flagship,Chongqing,Beibei District,3952 Jennifer Oval Apt. 796 (Near University)
GY830872,Wēi Ěr Shì Hexi Flagship,Tianjin,Hexi District,82238 Laura River (Near Shopping Mall)
GY526081,Jiàn Lè Shizhong Flagship,Jinan,Shizhong District,141 King Spring (Near Shopping Mall)
GY137222,Lì Měi Tongzhou Flagship,Beijing,Tongzhou District,96524 Robbins Street (Near Metro Station)
GY686707,Jiàn Lè Siming Flagship,Xiamen,Siming District,91763 Robert Grove Suite 534 (Near University)
GY169247,Měi Gé Fēi Jianggan Flagship,Hangzhou,Jianggan District,236 Joseph Inlet (Near University)
GY952752,Jiàn Lè Futian Flagship,Shenzhen,Futian District,87018 King Ridge (Near Metro Station)
GY733656,Jiàn Lè Xicheng Flagship,Beijing,Xicheng District,445 Williams Club Apt. 269 (Near University)
GY522523,Jiàn Lè Tong'an Flagship,Xiamen,Tong'an District,6757 Tiffany Lane Apt. 943 (Near Metro Station)
GY881226,Wēi Kāng Jinjiang Flagship,Chengdu,Jinjiang District,5767 Townsend Trace (Near Metro Station)
GY368349,Jiàn Lè Dongcheng Flagship,Dongguan,Dongcheng District,76206 Andrew Point Apt. 606 (Near Shopping Mall)
GY483761,Wēi Ěr Shì Industrial Flagship,Suzhou,Industrial Park District,82141 Marcus Tunnel (Near Shopping Mall)
GY934106,Jīn Shì Bǎo Ganjingzi Flagship,Dalian,Ganjingzi District,4948 Smith Expressway Apt. 725 (Near University)
GY450167,Ào Měi Qiaokou Flagship,Wuhan,Qiaokou District,57064 Erik Crescent Apt. 851 (Near Metro Station)
GY578104,Wēi Kāng Wanjiang Flagship,Dongguan,Wanjiang District,5778 Amber Dale Suite 070 (Near Shopping Mall)
GY226861,Měi Gé Fēi Sanshui Flagship,Foshan,Sanshui District,94579 Jim Meadow (Near University)
GY190425,Ào Měi Shijingshan Flagship,Beijing,Shijingshan District,886 Chambers Corner (Near University)
GY798625,Měi Gé Fēi Xigang Flagship,Dalian,Xigang District,84231 Bennett Locks Apt. 726 (Near Shopping Mall)
GY853858,Wēi Ěr Shì Hanyang Flagship,Wuhan,Hanyang District,52801 Daniel Place Apt. 112 (Near Metro Station)
GY689859,Jiàn Lè Yangpu Flagship,Shanghai,Yangpu District,1958 Montoya Keys Suite 766 (Near Shopping Mall)
GY668073,Měi Gé Fēi Xinwu Flagship,Wuxi,Xinwu District,0635 David Station Apt. 380 (Near Shopping Mall)
GY822629,Ào Měi Huangpu Flagship,Shanghai,Huangpu District,776 Nash Ports (Near Shopping Mall)
GY167231,Wēi Kāng Chenghua Flagship,Chengdu,Chenghua District,0753 Jones Bridge (Near Metro Station)
GY620034,Wēi Kāng Xuanwu Flagship,Nanjing,Xuanwu District,882 James Pike Apt. 089 (Near Shopping Mall)
GY215386,Jiàn Lè Changning Flagship,Shanghai,Changning District,40655 Osborne Glen (Near University)
GY279755,Ào Měi Hanyang Flagship,Wuhan,Hanyang District,189 Smith Coves Apt. 337 (Near Shopping Mall)
GY965227,Lì Měi Haizhu Flagship,Guangzhou,Haizhu District,860 Jonathan Mountains (Near Shopping Mall)
GY407162,Wēi Kāng Huangdao Flagship,Qingdao,Huangdao District,038 Carroll Trail Suite 646 (Near Metro Station)
GY231910,Yī Zhào Wéi Dé Xinwu Flagship,Wuxi,Xinwu District,6465 Tyler Estates (Near Metro Station)
GY792756,Lì Měi Jimei Flagship,Xiamen,Jimei District,776 Kurt Parkways Suite 319 (Near Shopping Mall)
GY408088,Jīn Shì Bǎo Jiulongpo Flagship,Chongqing,Jiulongpo District,897 Robertson Haven Apt. 854 (Near University)
GY024519,Jiàn Lè Shunde Flagship,Foshan,Shunde District,3733 Bradley Greens (Near Shopping Mall)
GY665599,Lì Měi Hongshan Flagship,Wuhan,Hongshan District,031 Jennifer Manors (Near University)
GY354009,Jīn Shì Bǎo Jiang'an Flagship,Wuhan,Jiang'an District,47895 Lawrence Haven Suite 601 (Near Shopping Mall)
GY344171,Wēi Kāng Nan'an Flagship,Chongqing,Nan'an District,110 Matthew Spring (Near Shopping Mall)
GY016662,Lì Měi Luohu Flagship,Shenzhen,Luohu District,42943 Snyder Light Suite 221 (Near Shopping Mall)
GY064168,Ào Měi Jinjiang Flagship,Chengdu,Jinjiang District,237 Shaw Island Suite 615 (Near University)
GY758125,Lì Měi Qixia Flagship,Nanjing,Qixia District,35293 Timothy Fords Suite 356 (Near University)
GY094450,Jiàn Lè Laoshan Flagship,Qingdao,Laoshan District,995 Smith Brook (Near Metro Station)
GY701700,Yī Zhào Wéi Dé Bao'an Flagship,Shenzhen,Bao'an District,34612 Elizabeth Field (Near Shopping Mall)
GY392848,Měi Gé Fēi Hongshan Flagship,Wuhan,Hongshan District,3832 Dominique Rest (Near Metro Station)
GY691420,Měi Gé Fēi Hongkou Flagship,Shanghai,Hongkou District,848 Cheryl Viaduct Suite 858 (Near University)
GY882510,Yī Zhào Wéi Dé Baiyun Flagship,Guangzhou,Baiyun District,545 Cynthia Cliff (Near Shopping Mall)
GY165387,Lì Měi Bao'an Flagship,Shenzhen,Bao'an District,482 Heather Pine Apt. 839 (Near Metro Station)
GY980616,Lì Měi Bao'an Flagship,Shenzhen,Bao'an District,094 Fowler Track Suite 040 (Near Metro Station)
GY359994,Ào Měi Yangpu Flagship,Shanghai,Yangpu District,0066 Moreno Street (Near Metro Station)
GY208623,Wēi Kāng Huangpu Flagship,Guangzhou,Huangpu District,366 Michelle Islands (Near University)
GY440388,Jiàn Lè Tianhe Flagship,Guangzhou,Tianhe District,305 Steven Cliff Apt. 744 (Near University)
GY916601,Wēi Ěr Shì Changning Flagship,Shanghai,Changning District,385 Adrienne Lodge Apt. 482 (Near Metro Station)
GY437696,Yī Zhào Wéi Dé Fengtai Flagship,Beijing,Fengtai District,5462 Reese Ferry (Near University)
GY471000,Wēi Ěr Shì Hexi Flagship,Tianjin,Hexi District,4218 Thomas Parkway Apt. 718 (Near Shopping Mall)
GY445547,Wēi Kāng Longquanyi Flagship,Chengdu,Longquanyi District,86272 Lindsay Course (Near University)
GY057710,Měi Gé Fēi Laoshan Flagship,Qingdao,Laoshan District,882 Michael Brook (Near Metro Station)
GY747464,Měi Gé Fēi Baiyun Flagship,Guangzhou,Baiyun District,7997 Danielle Place (Near Shopping Mall)
GY729486,Yī Zhào Wéi Dé Erqi Flagship,Zhengzhou,Erqi District,317 Elizabeth Brooks Suite 726 (Near Shopping Mall)
GY140975,Wēi Kāng Chaoyang Flagship,Beijing,Chaoyang District,05958 Lindsey Cliffs Suite 447 (Near Shopping Mall)
GY900421,Wēi Ěr Shì Haidian Flagship,Beijing,Haidian District,8978 James Stravenue Apt. 904 (Near University)
GY332801,Jīn Shì Bǎo Putuo Flagship,Shanghai,Putuo District,64677 Mendoza Spur (Near University)
GY975046,Měi Gé Fēi Laoshan Flagship,Qingdao,Laoshan District,41120 Glenn Ferry (Near Shopping Mall)
GY373056,Lì Měi Yinzhou Flagship,Ningbo,Yinzhou District,09986 Kimberly Ways (Near Shopping Mall)
GY553231,Wēi Ěr Shì Chenghua Flagship,Chengdu,Chenghua District,9658 Garcia Neck Apt. 377 (Near Metro Station)
GY401382,Yī Zhào Wéi Dé Laoshan Flagship,Qingdao,Laoshan District,459 Sharon Ford Apt. 438 (Near Shopping Mall)
GY337141,Jīn Shì Bǎo Guancheng Flagship,Zhengzhou,Guancheng District,25384 Malik Vista (Near Shopping Mall)
GY363414,Jiàn Lè Lvshunkou Flagship,Dalian,Lvshunkou District,8590 Tran Spur (Near Shopping Mall)
GY835355,Lì Měi Xihu Flagship,Hangzhou,Xihu District,399 Sarah Neck (Near Shopping Mall)
GY700482,Yī Zhào Wéi Dé Jing'an Flagship,Shanghai,Jing'an District,20582 Robert Turnpike (Near University)
GY074409,Yī Zhào Wéi Dé Jiang'an Flagship,Wuhan,Jiang'an District,26350 Jasmine Causeway (Near Shopping Mall)
GY277165,Jiàn Lè Jiangbei Flagship,Chongqing,Jiangbei District,4675 Darrell Course Apt. 333 (Near Metro Station)
GY406450,Jiàn Lè Qingyang Flagship,Chengdu,Qingyang District,0612 Morgan Pines (Near Shopping Mall)
GY070738,Yī Zhào Wéi Dé Gaoming Flagship,Foshan,Gaoming District,5519 Castillo Coves Apt. 024 (Near Metro Station)
GY778134,Wēi Ěr Shì Luohu Flagship,Shenzhen,Luohu District,732 Mcfarland Harbor Suite 740 (Near Shopping Mall)
GY240978,Jiàn Lè Beilun Flagship,Ningbo,Beilun District,89043 Miller Mission Apt. 919 (Near Metro Station)
GY417330,Wēi Kāng Licang Flagship,Qingdao,Licang District,4623 Cynthia Circle (Near Shopping Mall)
GY808457,Wēi Ěr Shì Jianghan Flagship,Wuhan,Jianghan District,76439 Melissa Summit (Near Metro Station)
GY448309,Jiàn Lè Xicheng Flagship,Beijing,Xicheng District,66883 Isaiah Squares Apt. 746 (Near Metro Station)
GY165618,Wēi Ěr Shì Qixia Flagship,Nanjing,Qixia District,7669 Frank Trail Suite 606 (Near Metro Station)
GY347863,Lì Měi Chenghua Flagship,Chengdu,Chenghua District,042 Jordan Shoal (Near University)
GY983612,Yī Zhào Wéi Dé Binhu Flagship,Wuxi,Binhu District,31484 Roth Meadow Apt. 437 (Near Shopping Mall)
GY947586,Wēi Kāng Laoshan Flagship,Qingdao,Laoshan District,1045 Mckinney Fords Apt. 086 (Near Metro Station)
GY588648,Yī Zhào Wéi Dé Hexi Flagship,Tianjin,Hexi District,84776 Smith Junctions (Near University)
GY790981,Wēi Kāng Huli Flagship,Xiamen,Huli District,101 Brian Walk (Near University)
GY038952,Jiàn Lè Tianhe Flagship,Guangzhou,Tianhe District,42488 Kelly Parkway Suite 960 (Near Metro Station)
GY119850,Yī Zhào Wéi Dé Lixia Flagship,Jinan,Lixia District,997 Jackson Skyway Apt. 582 (Near Metro Station)
GY491016,Yī Zhào Wéi Dé Heping Flagship,Tianjin,Heping District,178 Wright Roads Apt. 132 (Near University)
GY917872,Yī Zhào Wéi Dé Yinzhou Flagship,Ningbo,Yinzhou District,4203 Kristy Course (Near University)
GY361522,Wēi Ěr Shì Xihu Flagship,Hangzhou,Xihu District,56893 Howard Tunnel Suite 972 (Near Metro Station)
GY035328,Jīn Shì Bǎo Beibei Flagship,Chongqing,Beibei District,26056 Calderon Stravenue (Near University)
GY987271,Jīn Shì Bǎo Binhu Flagship,Wuxi,Binhu District,003 Bautista Lakes Apt. 415 (Near University)
GY247735,Wēi Kāng Sanshui Flagship,Foshan,Sanshui District,6949 Seth Prairie Apt. 664 (Near University)
GY829336,Lì Měi Futian Flagship,Shenzhen,Futian District,874 Larry Expressway Apt. 123 (Near Metro Station)
GY803626,Ào Měi Yantian Flagship,Shenzhen,Yantian District,177 Sanchez Prairie (Near University)
GY876173,Yī Zhào Wéi Dé Jianggan Flagship,Hangzhou,Jianggan District,545 David Ports (Near University)
GY515906,Ào Měi Chancheng Flagship,Foshan,Chancheng District,678 Yolanda Lane (Near Shopping Mall)
GY655481,Yī Zhào Wéi Dé Shibei Flagship,Qingdao,Shibei District,9713 Brian Roads Apt. 104 (Near University)
GY468875,Ào Měi Tongzhou Flagship,Beijing,Tongzhou District,7901 Roger Turnpike Apt. 030 (Near University)
GY610752,Yī Zhào Wéi Dé Shibei Flagship,Qingdao,Shibei District,887 Thomas Walk Apt. 494 (Near Shopping Mall)
GY343769,Wēi Ěr Shì Tongzhou Flagship,Beijing,Tongzhou District,712 Marcia Club Apt. 963 (Near University)
GY133842,Jīn Shì Bǎo Yuexiu Flagship,Guangzhou,Yuexiu District,13094 Holly Landing (Near Shopping Mall)
GY365127,Měi Gé Fēi Yuzhong Flagship,Chongqing,Yuzhong District,8753 Harris Spring Apt. 637 (Near Metro Station)
GY149129,Wēi Ěr Shì Baiyun Flagship,Guangzhou,Baiyun District,2449 Burke Radial Apt. 026 (Near University)
GY183405,Měi Gé Fēi Liangxi Flagship,Wuxi,Liangxi District,78904 Craig Prairie (Near Shopping Mall)
GY504483,Měi Gé Fēi Luohu Flagship,Shenzhen,Luohu District,320 Stevenson Shore (Near University)
GY814798,Wēi Kāng Songshanhu Flagship,Dongguan,Songshanhu District,6362 Victoria Centers Suite 279 (Near Metro Station)
GY418477,Jīn Shì Bǎo Chancheng Flagship,Foshan,Chancheng District,037 Mary Roads Apt. 685 (Near Shopping Mall)
GY033706,Yī Zhào Wéi Dé Shahekou Flagship,Dalian,Shahekou District,3044 Tammy Shoal (Near University)
GY215876,Ào Měi Shapingba Flagship,Chongqing,Shapingba District,982 Bass Coves Apt. 595 (Near Metro Station)
GY685068,Wēi Kāng Siming Flagship,Xiamen,Siming District,99369 Jason Shore Apt. 588 (Near Shopping Mall)
GY786801,Wēi Ěr Shì Xinwu Flagship,Wuxi,Xinwu District,487 Bailey Mall (Near Metro Station)
GY697288,Jīn Shì Bǎo Yangpu Flagship,Shanghai,Yangpu District,5028 Cantu Drives Apt. 997 (Near Metro Station)
GY019820,Lì Měi Guancheng Flagship,Dongguan,Guancheng District,263 Clements Divide (Near University)
GY567008,Jīn Shì Bǎo Jiangbei Flagship,Chongqing,Jiangbei District,7341 Gutierrez Summit Suite 320 (Near Metro Station)
GY011025,Jiàn Lè Yuhuatai Flagship,Nanjing,Yuhuatai District,1120 Hall Harbor Suite 431 (Near University)
GY084760,Ào Měi Shijingshan Flagship,Beijing,Shijingshan District,6882 Debra Burgs (Near Shopping Mall)
GY138463,Wēi Kāng Xigang Flagship,Dalian,Xigang District,4880 Munoz Junction (Near University)
GY217388,Jiàn Lè Yantian Flagship,Shenzhen,Yantian District,2009 Sarah Creek Suite 225 (Near Shopping Mall)
GY402288,Ào Měi Wujiang Flagship,Suzhou,Wujiang District,057 William Trail (Near University)
GY484389,Wēi Kāng Xiacheng Flagship,Hangzhou,Xiacheng District,88967 Heather Street Apt. 429 (Near Metro Station)
GY109962,Ào Měi Gulou Flagship,Nanjing,Gulou District,85329 Pena Pass (Near University)
GY203253,Wēi Ěr Shì Sanshui Flagship,Foshan,Sanshui District,5728 John Estates (Near Metro Station)
GY668720,Yī Zhào Wéi Dé Futian Flagship,Shenzhen,Futian District,1429 Smith Street (Near Metro Station)
GY577604,Měi Gé Fēi Liwan Flagship,Guangzhou,Liwan District,033 Vasquez Glens Apt. 315 (Near Metro Station)
GY162174,Jiàn Lè Siming Flagship,Xiamen,Siming District,6818 Nicholas Pines (Near University)
GY816519,Lì Měi Yanta Flagship,Xi'an,Yanta District,9179 Odom Wall Suite 245 (Near Shopping Mall)
