branch_id,branch_name,address,district,city
GY530000,Jīn Shì Bǎo Longgang Flagship,3252 Hines Village (Near Shopping Mall),Longgang District,Shenzhen
GY494112,Wēi Ěr Shì Hexi Flagship,4844 Anthony Island (Near Shopping Mall),Hexi District,Tianjin
GY958466,Lì Měi Fenghua Flagship,576 Emily Common (Near Shopping Mall),Fenghua District,Ningbo
GY732955,Jīn Shì Bǎo Xicheng Flagship,3866 Anna Estates Apt. 810 (Near University),Xicheng District,Beijing
GY926196,Yī Zhào Wéi Dé Jiangbei Flagship,7969 Santos Mountains Apt. 588 (Near University),Jiangbei District,Chongqing
GY903316,Ào Měi Guancheng Flagship,70320 Smith Street Apt. 016 (Near University),Guancheng District,Zhengzhou
GY782711,Jiàn Lè Tianqiao Flagship,969 Park Inlet (Near University),Tianqiao District,Jinan
GY712374,Wēi Kāng Xuanwu Flagship,595 Rose Ville (Near University),Xuanwu District,Nanjing
GY001836,Ào Měi Longgang Flagship,1460 Jack Stravenue (Near Metro Station),Longgang District,Shenzhen
GY010216,Yī Zhào Wéi Dé Gulou Flagship,034 Ramos Mountains Suite 507 (Near Metro Station),Gulou District,Nanjing
GY507004,Jiàn Lè Lvshunkou Flagship,41152 Nelson Divide (Near University),Lvshunkou District,Dalian
GY351669,Ào Měi Haizhu Flagship,75784 Jones Ridge Apt. 436 (Near University),Haizhu District,Guangzhou
GY585055,Wēi Kāng Xihu Flagship,0762 Jones Rapids (Near University),Xihu District,Hangzhou
GY725309,Yī Zhào Wéi Dé Nan'an Flagship,918 Vaughan Island (Near University),Nan'an District,Chongqing
GY836927,Měi Gé Fēi Xiacheng Flagship,5027 Gordon Forest (Near Shopping Mall),Xiacheng District,Hangzhou
GY345111,Wēi Kāng Huiji Flagship,4468 Murray Shores Apt. 326 (Near Shopping Mall),Huiji District,Zhengzhou
GY402761,Jīn Shì Bǎo Zhongshan Flagship,12406 Miller Lodge Suite 814 (Near Shopping Mall),Zhongshan District,Dalian
GY933010,Jiàn Lè Yuexiu Flagship,80220 Smith Mills Suite 117 (Near Metro Station),Yuexiu District,Guangzhou
GY886308,Wēi Kāng Fengtai Flagship,0937 Walters Inlet (Near University),Fengtai District,Beijing
GY798654,Yī Zhào Wéi Dé Jinniu Flagship,26226 Holmes Hollow Apt. 343 (Near Shopping Mall),Jinniu District,Chengdu
GY408583,Wēi Ěr Shì Shangjie Flagship,27149 Velasquez Walk (Near University),Shangjie District,Zhengzhou
GY437846,Lì Měi Hanyang Flagship,4150 Lori Mountains (Near Shopping Mall),Hanyang District,Wuhan
GY307656,Měi Gé Fēi Wuhou Flagship,277 Carter Stream Apt. 457 (Near Shopping Mall),Wuhou District,Chengdu
GY021148,Yī Zhào Wéi Dé Hongqiao Flagship,0115 Hayden Springs Apt. 569 (Near Metro Station),Hongqiao District,Tianjin
GY077375,Lì Měi Yantian Flagship,113 Medina Skyway Apt. 158 (Near University),Yantian District,Shenzhen
GY450083,Jiàn Lè Nanshan Flagship,39352 Reynolds Roads (Near Shopping Mall),Nanshan District,Shenzhen
GY634641,Lì Měi Hongkou Flagship,61207 Bush Club (Near Shopping Mall),Hongkou District,Shanghai
GY267467,Jiàn Lè Jiangbei Flagship,44189 Albert Ridges (Near University),Jiangbei District,Chongqing
GY187794,Yī Zhào Wéi Dé Yuzhong Flagship,645 Gary Prairie Suite 345 (Near Shopping Mall),Yuzhong District,Chongqing
GY029113,Wēi Ěr Shì Huiji Flagship,85961 Andrews Ports (Near Shopping Mall),Huiji District,Zhengzhou
GY827200,Ào Měi Hongkou Flagship,10799 English Tunnel (Near Shopping Mall),Hongkou District,Shanghai
GY487016,Měi Gé Fēi Qixia Flagship,807 Brandon Glen Apt. 089 (Near Shopping Mall),Qixia District,Nanjing
GY812947,Ào Měi Gaoming Flagship,91965 Bell Motorway Apt. 984 (Near Metro Station),Gaoming District,Foshan
GY174807,Wēi Ěr Shì Xihu Flagship,29284 Nichols Rapids Suite 952 (Near Shopping Mall),Xihu District,Hangzhou
GY860050,Wēi Ěr Shì Lvshunkou Flagship,3505 Gilmore Extension (Near Shopping Mall),Lvshunkou District,Dalian
GY603473,Ào Měi Nancheng Flagship,283 Hernandez Unions Apt. 511 (Near Metro Station),Nancheng District,Dongguan
GY332109,Měi Gé Fēi Shangcheng Flagship,06751 Catherine Trail (Near Metro Station),Shangcheng District,Hangzhou
GY791340,Měi Gé Fēi Jinjiang Flagship,77587 Allen Turnpike Apt. 919 (Near Metro Station),Jinjiang District,Chengdu
GY195642,Wēi Ěr Shì Putuo Flagship,32630 Michelle Station (Near Metro Station),Putuo District,Shanghai
GY839261,Ào Měi Luohu Flagship,882 Dillon Roads (Near University),Luohu District,Shenzhen
GY497117,Yī Zhào Wéi Dé Nanshan Flagship,9271 Daniel Mall (Near Metro Station),Nanshan District,Shenzhen
GY044629,Ào Měi Xuhui Flagship,6148 Tamara Row (Near Metro Station),Xuhui District,Shanghai
GY897971,Měi Gé Fēi Nanshan Flagship,58416 Audrey Row Apt. 296 (Near Shopping Mall),Nanshan District,Shenzhen
GY337150,Ào Měi Shangcheng Flagship,79336 Carr Islands Suite 688 (Near University),Shangcheng District,Hangzhou
GY675960,Wēi Kāng Baiyun Flagship,31769 Thomas Bridge Suite 889 (Near Shopping Mall),Baiyun District,Guangzhou
GY541992,Yī Zhào Wéi Dé Nanshan Flagship,321 Mary Prairie Apt. 260 (Near University),Nanshan District,Shenzhen
GY088504,Lì Měi Jing'an Flagship,45485 Laura Well (Near Metro Station),Jing'an District,Shanghai
GY211939,Lì Měi Songshanhu Flagship,228 Timothy Islands (Near Metro Station),Songshanhu District,Dongguan
GY969222,Yī Zhào Wéi Dé Nanhai Flagship,6272 Shaun Meadows Suite 010 (Near Metro Station),Nanhai District,Foshan
GY759217,Jīn Shì Bǎo Nanshan Flagship,1925 Logan Plaza Suite 361 (Near University),Nanshan District,Shenzhen
GY975412,Ào Měi Xihu Flagship,0319 Barker Estate (Near Shopping Mall),Xihu District,Hangzhou
GY609109,Jīn Shì Bǎo Jiangbei Flagship,749 Jennifer Corners (Near Metro Station),Jiangbei District,Chongqing
GY260416,Yī Zhào Wéi Dé Hongshan Flagship,634 Landry Rapid Suite 083 (Near University),Hongshan District,Wuhan
GY736462,Wēi Ěr Shì Jianggan Flagship,105 Whitney Mall (Near Metro Station),Jianggan District,Hangzhou
GY644309,Yī Zhào Wéi Dé Shangcheng Flagship,818 Christina Estate (Near Metro Station),Shangcheng District,Hangzhou
GY072878,Lì Měi Baiyun Flagship,0204 Shawn Wells Apt. 891 (Near Shopping Mall),Baiyun District,Guangzhou
GY552271,Lì Měi Shibei Flagship,268 Jackson Canyon Apt. 867 (Near Shopping Mall),Shibei District,Qingdao
GY581306,Jīn Shì Bǎo Jiulongpo Flagship,0191 Thomas Summit Suite 864 (Near University),Jiulongpo District,Chongqing
GY624628,Lì Měi Longquanyi Flagship,853 Steven Plaza Suite 835 (Near Shopping Mall),Longquanyi District,Chengdu
GY296216,Jiàn Lè Longgang Flagship,0496 Jamie Inlet (Near University),Longgang District,Shenzhen
GY378563,Lì Měi Binhu Flagship,392 Ryan Park (Near Shopping Mall),Binhu District,Wuxi
GY821646,Lì Měi Jianye Flagship,6447 Ashley Center Suite 300 (Near University),Jianye District,Nanjing
GY293056,Wēi Kāng Jinjiang Flagship,86938 Brenda Flats Apt. 523 (Near University),Jinjiang District,Chengdu
GY564374,Lì Měi Bao'an Flagship,22188 Paul Street (Near Shopping Mall),Bao'an District,Shenzhen
GY425110,Lì Měi Xihu Flagship,1861 Jessica Ports (Near University),Xihu District,Hangzhou
GY185946,Wēi Kāng Shizhong Flagship,6820 Travis Walks (Near Shopping Mall),Shizhong District,Jinan
GY794867,Wēi Ěr Shì Tongzhou Flagship,9703 Berger Cove (Near Metro Station),Tongzhou District,Beijing
GY581745,Wēi Kāng Yuzhong Flagship,728 Alexander Keys Apt. 381 (Near University),Yuzhong District,Chongqing
GY748768,Yī Zhào Wéi Dé Changning Flagship,580 Carpenter Fields Apt. 379 (Near Metro Station),Changning District,Shanghai
GY842441,Měi Gé Fēi Bao'an Flagship,218 Smith Drives Suite 873 (Near Shopping Mall),Bao'an District,Shenzhen
GY517505,Wēi Kāng Yuexiu Flagship,1185 Maldonado Islands (Near Metro Station),Yuexiu District,Guangzhou
GY247996,Měi Gé Fēi Nanhai Flagship,0181 Zoe Lane (Near Metro Station),Nanhai District,Foshan
GY588562,Wēi Kāng Yinzhou Flagship,58949 Christopher Burgs (Near University),Yinzhou District,Ningbo
GY738417,Jiàn Lè Baqiao Flagship,58223 Bean Alley (Near Metro Station),Baqiao District,Xi'an
GY583406,Wēi Kāng Huqiu Flagship,27320 Nelson Divide Apt. 129 (Near Shopping Mall),Huqiu District,Suzhou
GY150157,Jiàn Lè Hongshan Flagship,6345 Cox Squares Suite 371 (Near Metro Station),Hongshan District,Wuhan
GY476708,Ào Měi Nanshan Flagship,24443 Paul Orchard Suite 286 (Near Metro Station),Nanshan District,Shenzhen
GY894210,Wēi Kāng Longquanyi Flagship,242 Cooley Port Apt. 076 (Near Metro Station),Longquanyi District,Chengdu
GY481290,Ào Měi Jianghan Flagship,0648 Jillian Brook Suite 963 (Near Shopping Mall),Jianghan District,Wuhan
GY848881,Měi Gé Fēi Jiangbei Flagship,48163 Jacob Ways (Near Shopping Mall),Jiangbei District,Chongqing
GY926462,Yī Zhào Wéi Dé Putuo Flagship,9123 Owens Views Apt. 381 (Near Metro Station),Putuo District,Shanghai
GY874746,Jiàn Lè Wujiang Flagship,988 Nicole Ridge Suite 948 (Near Shopping Mall),Wujiang District,Suzhou
GY010225,Yī Zhào Wéi Dé Tongzhou Flagship,8951 Price Hill (Near Shopping Mall),Tongzhou District,Beijing
GY634975,Yī Zhào Wéi Dé Yuelu Flagship,764 Lee Cape Suite 443 (Near Metro Station),Yuelu District,Changsha
GY527930,Jīn Shì Bǎo Chaoyang Flagship,84632 Benjamin Mills (Near University),Chaoyang District,Beijing
GY450092,Měi Gé Fēi Industrial Flagship,0346 Eric Estates Suite 447 (Near Shopping Mall),Industrial Park District,Suzhou
GY617100,Yī Zhào Wéi Dé Shangjie Flagship,923 Marshall Street Suite 173 (Near Shopping Mall),Shangjie District,Zhengzhou
GY030338,Lì Měi Guancheng Flagship,11855 Martha Fort (Near Metro Station),Guancheng District,Dongguan
GY163937,Ào Měi Qingyang Flagship,72598 Rivera Land (Near Shopping Mall),Qingyang District,Chengdu
GY647526,Yī Zhào Wéi Dé Gongshu Flagship,38247 Bray Harbors Apt. 435 (Near Shopping Mall),Gongshu District,Hangzhou
GY293350,Měi Gé Fēi Shangjie Flagship,175 Mcintosh Valleys (Near Metro Station),Shangjie District,Zhengzhou
GY007720,Ào Měi Putuo Flagship,874 Abigail Pine (Near Metro Station),Putuo District,Shanghai
GY030894,Wēi Kāng Guancheng Flagship,960 Catherine Centers (Near Metro Station),Guancheng District,Dongguan
GY335761,Wēi Ěr Shì Nanshan Flagship,19021 Brandon Plains Apt. 273 (Near Metro Station),Nanshan District,Shenzhen
GY467984,Jīn Shì Bǎo Laoshan Flagship,3065 Anderson Mountains Apt. 683 (Near Shopping Mall),Laoshan District,Qingdao
GY789441,Ào Měi Hongkou Flagship,58101 Donna River (Near University),Hongkou District,Shanghai
GY774985,Jiàn Lè Chancheng Flagship,7863 Hendricks Trafficway Suite 237 (Near University),Chancheng District,Foshan
GY637908,Lì Měi Yuexiu Flagship,7804 Pacheco Underpass Apt. 339 (Near Shopping Mall),Yuexiu District,Guangzhou
GY906112,Ào Měi Haizhu Flagship,3992 Harris Pass Suite 564 (Near Metro Station),Haizhu District,Guangzhou
GY911166,Wēi Kāng Ganjingzi Flagship,4699 Campbell Fall Suite 291 (Near Shopping Mall),Ganjingzi District,Dalian
GY733568,Lì Měi Chengyang Flagship,08994 Cruz Mountain (Near Shopping Mall),Chengyang District,Qingdao
GY674675,Wēi Ěr Shì Wangcheng Flagship,924 Anderson Port Suite 454 (Near Metro Station),Wangcheng District,Changsha
GY665030,Jīn Shì Bǎo Xigang Flagship,818 Michael Pass Suite 607 (Near Metro Station),Xigang District,Dalian
GY385883,Wēi Kāng Liwan Flagship,58044 Stephen Alley (Near Shopping Mall),Liwan District,Guangzhou
GY219584,Ào Měi Jiulongpo Flagship,6064 Hamilton Tunnel (Near Metro Station),Jiulongpo District,Chongqing
GY164333,Jīn Shì Bǎo Huaiyin Flagship,81107 Schroeder Isle (Near Metro Station),Huaiyin District,Jinan
GY966049,Jiàn Lè Guancheng Flagship,1818 Williams Mews (Near Metro Station),Guancheng District,Zhengzhou
GY927923,Wēi Kāng Xinwu Flagship,38904 Watson Ports (Near Shopping Mall),Xinwu District,Wuxi
GY265053,Měi Gé Fēi Beilun Flagship,14565 Reyes Motorway (Near University),Beilun District,Ningbo
GY626463,Jīn Shì Bǎo Wangcheng Flagship,3720 Wesley Hills Suite 348 (Near Shopping Mall),Wangcheng District,Changsha
GY292346,Ào Měi Yuexiu Flagship,52155 Green Parkway Suite 062 (Near Shopping Mall),Yuexiu District,Guangzhou
GY641784,Měi Gé Fēi Jing'an Flagship,78054 Dennis Brooks (Near University),Jing'an District,Shanghai
GY977314,Wēi Ěr Shì Gaoming Flagship,8146 Courtney Ranch (Near Metro Station),Gaoming District,Foshan
GY726111,Jiàn Lè Beilun Flagship,510 John Harbor Apt. 556 (Near Shopping Mall),Beilun District,Ningbo
GY336969,Měi Gé Fēi Qinhuai Flagship,2222 Penny Fords (Near Shopping Mall),Qinhuai District,Nanjing
GY392017,Měi Gé Fēi Haicang Flagship,51098 Courtney Wall (Near University),Haicang District,Xiamen
GY122792,Ào Měi Tianxin Flagship,266 Griffin Prairie (Near Shopping Mall),Tianxin District,Changsha
GY642961,Lì Měi Haizhu Flagship,5050 Hughes Fields (Near Metro Station),Haizhu District,Guangzhou
GY452640,Ào Měi Erqi Flagship,753 Melissa Harbors Suite 247 (Near Shopping Mall),Erqi District,Zhengzhou
GY696367,Wēi Ěr Shì Nanshan Flagship,51151 Rebecca Haven (Near Metro Station),Nanshan District,Shenzhen
GY593541,Yī Zhào Wéi Dé Bao'an Flagship,364 Chavez Plains (Near University),Bao'an District,Shenzhen
GY787068,Wēi Kāng Longgang Flagship,7498 Ronnie Street (Near Metro Station),Longgang District,Shenzhen
GY402518,Jīn Shì Bǎo Hanyang Flagship,644 Nicole Dam Suite 094 (Near University),Hanyang District,Wuhan
GY121520,Ào Měi Shangcheng Flagship,971 Taylor Via (Near Shopping Mall),Shangcheng District,Hangzhou
GY836347,Yī Zhào Wéi Dé Xuhui Flagship,4989 Sanford Shore Suite 534 (Near Shopping Mall),Xuhui District,Shanghai
GY648271,Yī Zhào Wéi Dé Nan'an Flagship,40319 Anthony Ridge Suite 364 (Near Metro Station),Nan'an District,Chongqing
GY984970,Jiàn Lè Tongzhou Flagship,5861 Bailey Prairie (Near University),Tongzhou District,Beijing
GY731294,Ào Měi Jing'an Flagship,3258 Jones Union Suite 968 (Near University),Jing'an District,Shanghai
GY731037,Yī Zhào Wéi Dé Hongshan Flagship,72252 Jason Landing (Near Metro Station),Hongshan District,Wuhan
GY870819,Jiàn Lè Gaoming Flagship,25941 Moss Canyon Suite 096 (Near Metro Station),Gaoming District,Foshan
GY471743,Wēi Kāng Nanshan Flagship,801 Larsen Fields (Near Metro Station),Nanshan District,Shenzhen
GY031092,Jīn Shì Bǎo Haishu Flagship,60248 Banks Estate Apt. 921 (Near University),Haishu District,Ningbo
GY111447,Měi Gé Fēi Nancheng Flagship,75286 Holly Circle Suite 200 (Near University),Nancheng District,Dongguan
GY475186,Ào Měi Xiangcheng Flagship,7460 Sloan Shoal Apt. 542 (Near Shopping Mall),Xiangcheng District,Suzhou
GY725291,Yī Zhào Wéi Dé Hongshan Flagship,65219 Moss Vista (Near Metro Station),Hongshan District,Wuhan
GY647065,Jīn Shì Bǎo Baqiao Flagship,966 James Manor (Near University),Baqiao District,Xi'an
GY311011,Měi Gé Fēi Beilun Flagship,832 Bethany Spurs Apt. 503 (Near Metro Station),Beilun District,Ningbo
GY105358,Lì Měi Bao'an Flagship,923 Mario Causeway Apt. 095 (Near Metro Station),Bao'an District,Shenzhen
GY803376,Měi Gé Fēi Xiangcheng Flagship,23593 Ellis Passage Suite 675 (Near Metro Station),Xiangcheng District,Suzhou
GY923728,Wēi Ěr Shì Wanjiang Flagship,247 Jimenez Divide Suite 281 (Near Metro Station),Wanjiang District,Dongguan
GY206759,Yī Zhào Wéi Dé Futian Flagship,8541 Jordan Lane (Near University),Futian District,Shenzhen
GY698479,Měi Gé Fēi Jinshui Flagship,927 Justin Port Apt. 330 (Near University),Jinshui District,Zhengzhou
GY113801,Wēi Ěr Shì Beilin Flagship,2339 Moody Spring (Near Metro Station),Beilin District,Xi'an
GY465683,Jiàn Lè Beilin Flagship,94158 Yates Burgs (Near Shopping Mall),Beilin District,Xi'an
GY076629,Wēi Ěr Shì Hedong Flagship,42469 Natalie Canyon Suite 125 (Near Shopping Mall),Hedong District,Tianjin
GY738383,Lì Měi Xincheng Flagship,5519 Roth Square (Near University),Xincheng District,Xi'an
GY557894,Lì Měi Jinniu Flagship,92736 Johnson Mission (Near Shopping Mall),Jinniu District,Chengdu
GY379382,Ào Měi Gaoming Flagship,3716 Amy Gateway (Near Metro Station),Gaoming District,Foshan
GY499525,Ào Měi Huangpu Flagship,3577 Laura Meadow Suite 258 (Near Shopping Mall),Huangpu District,Guangzhou
GY847791,Wēi Kāng Huangpu Flagship,67506 Anne Mount (Near Shopping Mall),Huangpu District,Shanghai
GY239835,Lì Měi Chaoyang Flagship,1799 Lee Skyway Suite 724 (Near Shopping Mall),Chaoyang District,Beijing
GY861779,Lì Měi Xuanwu Flagship,300 Evans Point Apt. 891 (Near Shopping Mall),Xuanwu District,Nanjing
GY112881,Jiàn Lè Binjiang Flagship,5582 Arnold Fort Apt. 646 (Near Shopping Mall),Binjiang District,Hangzhou
GY869373,Yī Zhào Wéi Dé Haizhu Flagship,7900 Brian Loop Suite 048 (Near University),Haizhu District,Guangzhou
GY918425,Měi Gé Fēi Dongcheng Flagship,41506 Francis Mountain (Near University),Dongcheng District,Beijing
GY016663,Měi Gé Fēi Haizhu Flagship,3240 Watson Port (Near Shopping Mall),Haizhu District,Guangzhou
GY005024,Lì Měi Xihu Flagship,61895 Benjamin Trail Suite 514 (Near Metro Station),Xihu District,Hangzhou
GY870748,Jīn Shì Bǎo Yuhuatai Flagship,3989 Zachary Turnpike Apt. 322 (Near Shopping Mall),Yuhuatai District,Nanjing
GY509970,Wēi Ěr Shì Futian Flagship,765 Smith Crossing (Near Metro Station),Futian District,Shenzhen
GY287631,Wēi Kāng Xuanwu Flagship,34870 Nicholas Lights Apt. 990 (Near Shopping Mall),Xuanwu District,Nanjing
GY466738,Wēi Ěr Shì Xicheng Flagship,372 Elizabeth Curve (Near Metro Station),Xicheng District,Beijing
GY179736,Ào Měi Longquanyi Flagship,86364 Christopher Burgs Suite 222 (Near University),Longquanyi District,Chengdu
GY160132,Ào Měi Wuhou Flagship,0910 Jackson Corner Apt. 643 (Near University),Wuhou District,Chengdu
GY584314,Yī Zhào Wéi Dé Laoshan Flagship,394 Michael Union Apt. 347 (Near University),Laoshan District,Qingdao
GY698390,Jīn Shì Bǎo Hongshan Flagship,5485 Mccall Greens Apt. 093 (Near University),Hongshan District,Wuhan
GY121651,Ào Měi Hebei Flagship,81509 Martinez Summit Apt. 221 (Near Metro Station),Hebei District,Tianjin
GY987742,Lì Měi Chengyang Flagship,600 Hanna Crossing Apt. 166 (Near Shopping Mall),Chengyang District,Qingdao
GY604870,Měi Gé Fēi Xihu Flagship,3733 Molly Lock Suite 207 (Near University),Xihu District,Hangzhou
GY272998,Wēi Kāng Xishan Flagship,880 Santana Creek (Near Shopping Mall),Xishan District,Wuxi
GY529872,Wēi Kāng Dongcheng Flagship,8888 Michael Route Apt. 166 (Near University),Dongcheng District,Beijing
GY723220,Ào Měi Qinhuai Flagship,75777 Robinson Station Apt. 927 (Near Shopping Mall),Qinhuai District,Nanjing
GY636825,Wēi Kāng Xicheng Flagship,6441 Alexander Prairie Apt. 054 (Near University),Xicheng District,Beijing
GY650498,Wēi Ěr Shì Gulou Flagship,32175 Michael Field Suite 959 (Near University),Gulou District,Nanjing
GY969634,Jīn Shì Bǎo Jianghan Flagship,5358 Roberts Summit (Near Shopping Mall),Jianghan District,Wuhan
GY652227,Yī Zhào Wéi Dé Xincheng Flagship,32840 Powell Ranch Apt. 456 (Near Shopping Mall),Xincheng District,Xi'an
GY780316,Jiàn Lè Putuo Flagship,7150 Rick Loaf (Near Shopping Mall),Putuo District,Shanghai
GY022182,Wēi Ěr Shì Hanyang Flagship,44780 Jason Highway (Near Shopping Mall),Hanyang District,Wuhan
GY745829,Lì Měi Longquanyi Flagship,258 Santos Stravenue (Near University),Longquanyi District,Chengdu
GY075902,Yī Zhào Wéi Dé Xihu Flagship,464 Anderson Locks (Near Shopping Mall),Xihu District,Hangzhou
GY813504,Lì Měi Jianggan Flagship,79508 Sandoval Circle (Near Shopping Mall),Jianggan District,Hangzhou
GY968909,Jīn Shì Bǎo Gulou Flagship,108 Martinez Roads (Near Shopping Mall),Gulou District,Nanjing
GY276495,Měi Gé Fēi Fengtai Flagship,48653 Jonathan Pass Apt. 347 (Near University),Fengtai District,Beijing
GY075553,Jīn Shì Bǎo Shahekou Flagship,7411 Peck Estates Suite 225 (Near Shopping Mall),Shahekou District,Dalian
GY699867,Lì Měi Haizhu Flagship,22021 Jones Ramp Suite 058 (Near Shopping Mall),Haizhu District,Guangzhou
GY704654,Yī Zhào Wéi Dé Haidian Flagship,21764 Brenda Fields (Near Metro Station),Haidian District,Beijing
GY002066,Měi Gé Fēi Qixia Flagship,8611 Flores Island Suite 189 (Near Metro Station),Qixia District,Nanjing
GY778117,Wēi Ěr Shì Longquanyi Flagship,515 Rodriguez Branch Suite 620 (Near University),Longquanyi District,Chengdu
GY723266,Ào Měi Beilun Flagship,08249 Johnson Cliff Apt. 779 (Near Shopping Mall),Beilun District,Ningbo
GY343882,Jiàn Lè Gongshu Flagship,8367 John Streets Suite 752 (Near Shopping Mall),Gongshu District,Hangzhou
GY460938,Lì Měi Shangjie Flagship,41637 Morgan Streets (Near Shopping Mall),Shangjie District,Zhengzhou
GY026599,Jīn Shì Bǎo Tianhe Flagship,05502 Johnny Trafficway Suite 981 (Near Shopping Mall),Tianhe District,Guangzhou
GY298189,Ào Měi Xincheng Flagship,072 Cruz Groves Apt. 540 (Near Metro Station),Xincheng District,Xi'an
GY914039,Wēi Ěr Shì Qixia Flagship,4033 Jasmine Well Apt. 507 (Near Shopping Mall),Qixia District,Nanjing
GY013037,Měi Gé Fēi Haishu Flagship,268 Ashley Prairie Suite 500 (Near University),Haishu District,Ningbo
GY607076,Ào Měi Qiaokou Flagship,2463 Friedman Haven Apt. 805 (Near University),Qiaokou District,Wuhan
GY576374,Měi Gé Fēi Gulou Flagship,61183 Nathan Centers Apt. 710 (Near Metro Station),Gulou District,Nanjing
GY806173,Wēi Kāng Hedong Flagship,52997 Natasha Drive Suite 628 (Near University),Hedong District,Tianjin
GY375135,Lì Měi Xigang Flagship,50686 Brennan Trafficway Apt. 340 (Near Metro Station),Xigang District,Dalian
GY873589,Jīn Shì Bǎo Chancheng Flagship,134 Torres Lights Suite 227 (Near Shopping Mall),Chancheng District,Foshan
GY688894,Ào Měi Nanshan Flagship,77876 Mark Heights (Near Shopping Mall),Nanshan District,Shenzhen
GY674124,Ào Měi Nankai Flagship,07882 Arellano Locks (Near Shopping Mall),Nankai District,Tianjin
GY780306,Yī Zhào Wéi Dé Wanjiang Flagship,44547 Breanna Mountains Apt. 653 (Near University),Wanjiang District,Dongguan
GY601100,Lì Měi Jinshui Flagship,5170 James Loaf (Near Shopping Mall),Jinshui District,Zhengzhou
GY130310,Wēi Ěr Shì Wanjiang Flagship,98260 Jonathan Mount (Near Shopping Mall),Wanjiang District,Dongguan
GY673083,Ào Měi Huiji Flagship,596 West Squares Suite 298 (Near Shopping Mall),Huiji District,Zhengzhou
GY153018,Wēi Kāng Binhu Flagship,5355 Michele Plaza Apt. 044 (Near University),Binhu District,Wuxi
GY441092,Jiàn Lè Nancheng Flagship,4872 Thomas Garden (Near Shopping Mall),Nancheng District,Dongguan
GY715832,Jiàn Lè Huangdao Flagship,22778 Green Terrace (Near Shopping Mall),Huangdao District,Qingdao
GY265929,Jīn Shì Bǎo Changning Flagship,6652 Amber Hollow Suite 354 (Near Metro Station),Changning District,Shanghai
GY120093,Wēi Ěr Shì Haidian Flagship,0166 Waller Valleys Apt. 224 (Near University),Haidian District,Beijing
GY494554,Měi Gé Fēi Huangdao Flagship,32454 Daniel Walks (Near Shopping Mall),Huangdao District,Qingdao
GY384578,Jiàn Lè Xihu Flagship,78941 Ho Path (Near Metro Station),Xihu District,Hangzhou
GY338994,Jiàn Lè Yuelu Flagship,3104 Jennifer Trafficway (Near Shopping Mall),Yuelu District,Changsha
GY291195,Lì Měi Yinzhou Flagship,580 Jenny Plaza Apt. 944 (Near Shopping Mall),Yinzhou District,Ningbo
GY309093,Wēi Ěr Shì Fenghua Flagship,8933 Pamela Curve Suite 999 (Near Shopping Mall),Fenghua District,Ningbo
GY118273,Wēi Ěr Shì Wanjiang Flagship,55865 Mora Spurs (Near Shopping Mall),Wanjiang District,Dongguan
GY936387,Jīn Shì Bǎo Longgang Flagship,393 Barrera Vista (Near Metro Station),Longgang District,Shenzhen
GY588129,Lì Měi Guancheng Flagship,06692 Gina Knolls (Near Shopping Mall),Guancheng District,Zhengzhou
GY396267,Wēi Kāng Nanshan Flagship,8696 Kimberly Bridge (Near University),Nanshan District,Shenzhen
GY454455,Jiàn Lè Guancheng Flagship,789 Maldonado Curve Suite 680 (Near Shopping Mall),Guancheng District,Dongguan
GY780481,Jiàn Lè Jiangbei Flagship,7409 Cody Lights (Near Metro Station),Jiangbei District,Chongqing
GY468688,Wēi Ěr Shì Qingyang Flagship,2362 Wilkinson Fork Apt. 774 (Near University),Qingyang District,Chengdu
GY004398,Jiàn Lè Jing'an Flagship,578 Mallory River Suite 744 (Near University),Jing'an District,Shanghai
GY708760,Jiàn Lè Liwan Flagship,84576 Fowler Knoll (Near Metro Station),Liwan District,Guangzhou
GY871000,Yī Zhào Wéi Dé Beilin Flagship,417 Mary Lodge Suite 253 (Near Shopping Mall),Beilin District,Xi'an
GY548709,Měi Gé Fēi Heping Flagship,29160 Hickman Points Apt. 161 (Near Shopping Mall),Heping District,Tianjin
GY412567,Měi Gé Fēi Hongkou Flagship,4822 Patricia Plaza (Near Metro Station),Hongkou District,Shanghai
GY859458,Jīn Shì Bǎo Longquanyi Flagship,587 Charles Stravenue (Near Shopping Mall),Longquanyi District,Chengdu
GY273911,Jīn Shì Bǎo Yuexiu Flagship,125 Webb Fort Apt. 211 (Near University),Yuexiu District,Guangzhou
GY056592,Wēi Kāng Erqi Flagship,80429 Martha Lodge (Near Shopping Mall),Erqi District,Zhengzhou
GY710078,Jīn Shì Bǎo Baiyun Flagship,276 Hernandez Court (Near University),Baiyun District,Guangzhou
GY755299,Lì Měi Longgang Flagship,46607 John Key (Near University),Longgang District,Shenzhen
GY192353,Wēi Ěr Shì Jinjiang Flagship,60247 Bruce Plains Suite 071 (Near Metro Station),Jinjiang District,Chengdu
GY543586,Yī Zhào Wéi Dé Jianye Flagship,945 Cunningham Crescent (Near Metro Station),Jianye District,Nanjing
GY812001,Wēi Ěr Shì Dongcheng Flagship,042 Gregory Locks Suite 036 (Near Metro Station),Dongcheng District,Dongguan
GY293130,Yī Zhào Wéi Dé Xuanwu Flagship,3629 Stein Ridge (Near University),Xuanwu District,Nanjing
GY271083,Jiàn Lè Heping Flagship,44542 Mark Squares (Near Shopping Mall),Heping District,Tianjin
GY894580,Wēi Ěr Shì Beilin Flagship,493 Lisa Burg Apt. 048 (Near Shopping Mall),Beilin District,Xi'an
GY819531,Měi Gé Fēi Yantian Flagship,3074 Christopher Villages Apt. 887 (Near Metro Station),Yantian District,Shenzhen
GY299390,Lì Měi Haizhu Flagship,01848 Ellis Hill (Near University),Haizhu District,Guangzhou
GY101512,Wēi Ěr Shì Beibei Flagship,094 Sarah Junction (Near Metro Station),Beibei District,Chongqing
GY494479,Jiàn Lè Xigang Flagship,225 Tyler Crest Apt. 600 (Near University),Xigang District,Dalian
GY234853,Lì Měi Yantian Flagship,8483 Flores Roads (Near Metro Station),Yantian District,Shenzhen
GY581986,Lì Měi Ganjingzi Flagship,3901 Jessica Highway (Near Metro Station),Ganjingzi District,Dalian
GY301842,Wēi Kāng Shijingshan Flagship,422 Linda Forks (Near Metro Station),Shijingshan District,Beijing
GY116913,Wēi Ěr Shì Yuexiu Flagship,9699 Elizabeth Orchard (Near Shopping Mall),Yuexiu District,Guangzhou
GY161407,Yī Zhào Wéi Dé Nanshan Flagship,1078 Lambert Motorway (Near University),Nanshan District,Shenzhen
GY362704,Wēi Ěr Shì Haizhu Flagship,49326 Reyes Run (Near Shopping Mall),Haizhu District,Guangzhou
GY463586,Wēi Kāng Nanhai Flagship,30686 Sara Road (Near Shopping Mall),Nanhai District,Foshan
GY971559,Jiàn Lè Changning Flagship,65876 Steven Haven Suite 065 (Near Metro Station),Changning District,Shanghai
GY404798,Lì Měi Jiangbei Flagship,620 Bruce Prairie (Near Shopping Mall),Jiangbei District,Chongqing
GY135604,Ào Měi Shinan Flagship,902 Robinson Valley (Near Metro Station),Shinan District,Qingdao
GY883753,Wēi Ěr Shì Yanta Flagship,8635 Brian Brooks Suite 834 (Near University),Yanta District,Xi'an
GY459230,Jīn Shì Bǎo Shijingshan Flagship,070 Martin River (Near Shopping Mall),Shijingshan District,Beijing
GY126731,Jiàn Lè Tong'an Flagship,4680 Ball Throughway Apt. 041 (Near Metro Station),Tong'an District,Xiamen
GY279614,Yī Zhào Wéi Dé Jinniu Flagship,92874 Suarez Club Apt. 069 (Near University),Jinniu District,Chengdu
GY464463,Lì Měi Fengtai Flagship,8239 Bond Field (Near Metro Station),Fengtai District,Beijing
GY417521,Yī Zhào Wéi Dé Changqing Flagship,6930 Christian Extensions Apt. 863 (Near Metro Station),Changqing District,Jinan
GY717821,Jīn Shì Bǎo Jianghan Flagship,24550 Knight Mission (Near University),Jianghan District,Wuhan
GY305101,Jīn Shì Bǎo Jiang'an Flagship,948 Adams Mountains (Near Metro Station),Jiang'an District,Wuhan
GY910127,Wēi Ěr Shì Xiang'an Flagship,405 Chad Forks Suite 250 (Near University),Xiang'an District,Xiamen
GY163764,Měi Gé Fēi Hongkou Flagship,61382 Rebekah Drives Apt. 641 (Near Shopping Mall),Hongkou District,Shanghai
GY038186,Měi Gé Fēi Xiang'an Flagship,9498 Courtney Heights Apt. 214 (Near Metro Station),Xiang'an District,Xiamen
GY272141,Wēi Ěr Shì Yantian Flagship,087 Robert Common (Near University),Yantian District,Shenzhen
GY292189,Yī Zhào Wéi Dé Tong'an Flagship,89368 Sarah Branch Suite 792 (Near Shopping Mall),Tong'an District,Xiamen
GY301925,Wēi Kāng Yanta Flagship,5131 Morgan Terrace Suite 078 (Near Metro Station),Yanta District,Xi'an
GY016755,Wēi Kāng Lixia Flagship,6214 Tran Avenue Suite 902 (Near University),Lixia District,Jinan
GY762007,Ào Měi Kaifu Flagship,34838 Hernandez Vista Apt. 189 (Near Metro Station),Kaifu District,Changsha
GY687446,Jiàn Lè Yanta Flagship,62495 Susan Village (Near Metro Station),Yanta District,Xi'an
GY610057,Ào Měi Shijingshan Flagship,827 Floyd Bypass Suite 424 (Near Shopping Mall),Shijingshan District,Beijing
GY915577,Měi Gé Fēi Xiang'an Flagship,16674 Crystal Summit Suite 846 (Near Metro Station),Xiang'an District,Xiamen
GY258921,Ào Měi Chancheng Flagship,378 Peters Orchard Apt. 777 (Near University),Chancheng District,Foshan
GY292672,Ào Měi Heping Flagship,6703 Rachel Port (Near Metro Station),Heping District,Tianjin
GY135043,Yī Zhào Wéi Dé Changning Flagship,35193 Smith Isle Suite 516 (Near Shopping Mall),Changning District,Shanghai
GY802319,Wēi Ěr Shì Xicheng Flagship,3101 Megan Bypass (Near Metro Station),Xicheng District,Beijing
GY859376,Lì Měi Wuhou Flagship,356 Eric Tunnel Apt. 729 (Near Metro Station),Wuhou District,Chengdu
GY199252,Yī Zhào Wéi Dé Hongshan Flagship,75164 Lee Crossroad (Near Shopping Mall),Hongshan District,Wuhan
GY571730,Jiàn Lè Zhenhai Flagship,56322 Williams Prairie Suite 169 (Near Metro Station),Zhenhai District,Ningbo
GY171439,Wēi Kāng Yuzhong Flagship,162 Rangel Station Suite 783 (Near Metro Station),Yuzhong District,Chongqing
GY223648,Yī Zhào Wéi Dé Xiang'an Flagship,46368 Preston Cove (Near Shopping Mall),Xiang'an District,Xiamen
GY048981,Wēi Kāng Hongkou Flagship,08469 Peter Stream Suite 207 (Near University),Hongkou District,Shanghai
GY554614,Yī Zhào Wéi Dé Ganjingzi Flagship,5319 Leonard Shoals (Near Metro Station),Ganjingzi District,Dalian
GY617228,Jīn Shì Bǎo Jiangbei Flagship,404 Jessica Green Apt. 548 (Near Metro Station),Jiangbei District,Ningbo
GY049953,Měi Gé Fēi Putuo Flagship,677 Matthews Park Apt. 009 (Near Metro Station),Putuo District,Shanghai
GY767515,Wēi Kāng Wujiang Flagship,700 Brandon Grove (Near Metro Station),Wujiang District,Suzhou
GY729889,Lì Měi Yuhuatai Flagship,91939 Jeffrey Trail Suite 760 (Near Metro Station),Yuhuatai District,Nanjing
GY234513,Wēi Ěr Shì Liwan Flagship,5243 Clark Road (Near Metro Station),Liwan District,Guangzhou
GY173787,Wēi Kāng Baiyun Flagship,562 Sarah Summit Suite 425 (Near Metro Station),Baiyun District,Guangzhou
GY802309,Jīn Shì Bǎo Dongcheng Flagship,079 Reyes Neck Apt. 690 (Near Shopping Mall),Dongcheng District,Dongguan
GY588203,Wēi Ěr Shì Nankai Flagship,1717 Johnson Drive (Near Shopping Mall),Nankai District,Tianjin
GY918423,Ào Měi Nankai Flagship,17521 Robinson Valleys (Near University),Nankai District,Tianjin
GY217212,Jīn Shì Bǎo Xigang Flagship,100 Lamb Valley (Near Shopping Mall),Xigang District,Dalian
GY823802,Jiàn Lè Huishan Flagship,68294 John Road Apt. 514 (Near Shopping Mall),Huishan District,Wuxi
GY366985,Měi Gé Fēi Baiyun Flagship,8814 Chan Inlet (Near Shopping Mall),Baiyun District,Guangzhou
GY609976,Měi Gé Fēi Zhongyuan Flagship,8946 William Point Apt. 341 (Near University),Zhongyuan District,Zhengzhou
GY925458,Jiàn Lè Huaiyin Flagship,002 Denise Manors (Near Metro Station),Huaiyin District,Jinan
GY725781,Ào Měi Industrial Flagship,106 Wong Inlet Apt. 775 (Near Metro Station),Industrial Park District,Suzhou
GY186322,Ào Měi Nan'an Flagship,12898 Brenda Ports Suite 603 (Near University),Nan'an District,Chongqing
GY761622,Měi Gé Fēi Binhu Flagship,82128 David Branch Apt. 547 (Near Shopping Mall),Binhu District,Wuxi
GY718818,Yī Zhào Wéi Dé Qingyang Flagship,1357 Hill Loop (Near Metro Station),Qingyang District,Chengdu
GY906280,Měi Gé Fēi Kaifu Flagship,1515 Palmer Rest (Near University),Kaifu District,Changsha
GY574556,Měi Gé Fēi Erqi Flagship,13737 Davila Plains Suite 348 (Near Metro Station),Erqi District,Zhengzhou
GY632126,Ào Měi Shahekou Flagship,56832 Rhodes Lodge (Near University),Shahekou District,Dalian
GY648349,Wēi Ěr Shì Shibei Flagship,790 Thompson Route Apt. 633 (Near Metro Station),Shibei District,Qingdao
GY369434,Wēi Ěr Shì Huaiyin Flagship,330 Arnold Knolls Suite 331 (Near University),Huaiyin District,Jinan
GY691966,Jiàn Lè Shangcheng Flagship,6586 Henderson Avenue (Near Shopping Mall),Shangcheng District,Hangzhou
GY819261,Jīn Shì Bǎo Furong Flagship,15917 Debbie Village Suite 243 (Near Shopping Mall),Furong District,Changsha
GY194661,Ào Měi Binjiang Flagship,9715 Morgan Tunnel (Near Shopping Mall),Binjiang District,Hangzhou
GY417368,Lì Měi Guancheng Flagship,648 Natasha Squares (Near University),Guancheng District,Dongguan
GY636174,Wēi Ěr Shì Chancheng Flagship,103 Alexis Loop Suite 017 (Near Shopping Mall),Chancheng District,Foshan
GY554043,Jīn Shì Bǎo Hedong Flagship,793 Anthony Ramp Apt. 071 (Near Metro Station),Hedong District,Tianjin
GY311909,Yī Zhào Wéi Dé Liwan Flagship,1352 Jones Lake Suite 815 (Near Metro Station),Liwan District,Guangzhou
GY431129,Wēi Ěr Shì Xishan Flagship,7136 Jimmy Crossroad (Near Shopping Mall),Xishan District,Wuxi
GY782956,Jiàn Lè Sanshui Flagship,8423 Beverly Hills Suite 667 (Near Shopping Mall),Sanshui District,Foshan
GY246954,Wēi Kāng Shibei Flagship,00376 Bennett Parkway Apt. 951 (Near University),Shibei District,Qingdao
GY628158,Wēi Ěr Shì Xicheng Flagship,641 David Rapids (Near Metro Station),Xicheng District,Beijing
GY852665,Lì Měi Beibei Flagship,98435 Jeremy Expressway (Near University),Beibei District,Chongqing
GY784130,Wēi Ěr Shì Putuo Flagship,507 Garcia Prairie Apt. 952 (Near Shopping Mall),Putuo District,Shanghai
GY948649,Wēi Ěr Shì Yangpu Flagship,6158 Terrell Drives (Near Shopping Mall),Yangpu District,Shanghai
GY510083,Lì Měi Hexi Flagship,218 Kyle Curve Suite 034 (Near Metro Station),Hexi District,Tianjin
GY335106,Wēi Ěr Shì Longgang Flagship,062 Bob Track (Near Shopping Mall),Longgang District,Shenzhen
GY523205,Lì Měi Baiyun Flagship,56824 Ashley Square (Near Shopping Mall),Baiyun District,Guangzhou
GY251066,Wēi Ěr Shì Wuzhong Flagship,404 Gonzalez Ramp (Near Metro Station),Wuzhong District,Suzhou
GY130338,Měi Gé Fēi Jinshui Flagship,9607 Amber Dale (Near Metro Station),Jinshui District,Zhengzhou
GY803140,Jiàn Lè Jianghan Flagship,638 Mendoza Plains Suite 464 (Near University),Jianghan District,Wuhan
GY742899,Jiàn Lè Xuhui Flagship,972 Garrett Roads (Near Metro Station),Xuhui District,Shanghai
GY965315,Lì Měi Jinshui Flagship,9051 Bruce Locks Apt. 780 (Near University),Jinshui District,Zhengzhou
GY757013,Měi Gé Fēi Hongshan Flagship,62760 Tracey Avenue Suite 795 (Near University),Hongshan District,Wuhan
GY089560,Wēi Ěr Shì Tianxin Flagship,2741 Mike Oval Apt. 117 (Near University),Tianxin District,Changsha
GY975507,Wēi Kāng Shangcheng Flagship,175 Linda Shores Apt. 137 (Near Metro Station),Shangcheng District,Hangzhou
GY710844,Wēi Ěr Shì Hebei Flagship,1177 Mark Land (Near Metro Station),Hebei District,Tianjin
GY337459,Jīn Shì Bǎo Dongcheng Flagship,8158 Mitchell Village Apt. 541 (Near University),Dongcheng District,Dongguan
GY679093,Jīn Shì Bǎo Yuexiu Flagship,4079 Alexander Plaza Apt. 529 (Near Metro Station),Yuexiu District,Guangzhou
GY314731,Lì Měi Luohu Flagship,5089 Amy Union Apt. 024 (Near University),Luohu District,Shenzhen
GY649645,Wēi Kāng Binjiang Flagship,01242 April Unions (Near University),Binjiang District,Hangzhou
GY237515,Ào Měi Chengyang Flagship,3962 Ronald Pines Suite 697 (Near Metro Station),Chengyang District,Qingdao
GY963870,Wēi Kāng Lvshunkou Flagship,9984 Rodriguez Crest Apt. 559 (Near Shopping Mall),Lvshunkou District,Dalian
GY241104,Wēi Kāng Furong Flagship,446 Tracey Alley (Near Shopping Mall),Furong District,Changsha
GY097232,Wēi Ěr Shì Shangjie Flagship,817 Ross Gateway Apt. 604 (Near Shopping Mall),Shangjie District,Zhengzhou
GY052296,Wēi Ěr Shì Chancheng Flagship,1667 Alexandra Spurs (Near Shopping Mall),Chancheng District,Foshan
GY248583,Jīn Shì Bǎo Weiyang Flagship,3056 Roger Shores Suite 898 (Near Metro Station),Weiyang District,Xi'an
GY441489,Jiàn Lè Yantian Flagship,59202 Morris Pike (Near University),Yantian District,Shenzhen
GY594757,Jīn Shì Bǎo Yuexiu Flagship,112 Mccarthy Walks (Near Shopping Mall),Yuexiu District,Guangzhou
GY301043,Jiàn Lè Gaoming Flagship,0708 Catherine Radial (Near Metro Station),Gaoming District,Foshan
GY899684,Yī Zhào Wéi Dé Yuhua Flagship,560 Baker Curve Suite 888 (Near Shopping Mall),Yuhua District,Changsha
GY484509,Jīn Shì Bǎo Sanshui Flagship,2567 Susan Lodge Suite 674 (Near Shopping Mall),Sanshui District,Foshan
GY558846,Yī Zhào Wéi Dé Shunde Flagship,3131 Martinez Flats Suite 389 (Near Metro Station),Shunde District,Foshan
GY634329,Jīn Shì Bǎo Shijingshan Flagship,274 Graves Mount (Near University),Shijingshan District,Beijing
GY995705,Wēi Kāng Yuexiu Flagship,1125 Alicia Loop Apt. 066 (Near Shopping Mall),Yuexiu District,Guangzhou
GY506258,Wēi Kāng Jiangbei Flagship,978 Roberson Tunnel (Near University),Jiangbei District,Chongqing
GY516352,Yī Zhào Wéi Dé Jiulongpo Flagship,77339 Ruiz Manors Suite 185 (Near Shopping Mall),Jiulongpo District,Chongqing
GY263575,Wēi Kāng Haizhu Flagship,27254 Justin Ridges Suite 598 (Near University),Haizhu District,Guangzhou
GY156218,Ào Měi Zhongyuan Flagship,9087 Anthony Common (Near Shopping Mall),Zhongyuan District,Zhengzhou
GY316089,Jīn Shì Bǎo Yuhuatai Flagship,637 Haley Rue (Near University),Yuhuatai District,Nanjing
GY301203,Jiàn Lè Huaiyin Flagship,05776 Hernandez Lakes (Near Metro Station),Huaiyin District,Jinan
GY238335,Wēi Ěr Shì Wangcheng Flagship,29774 Rogers Landing (Near Shopping Mall),Wangcheng District,Changsha
GY856797,Lì Měi Haishu Flagship,3733 Booth Flats Suite 921 (Near University),Haishu District,Ningbo
GY537293,Yī Zhào Wéi Dé Nanhai Flagship,40286 Smith Ramp Apt. 774 (Near Shopping Mall),Nanhai District,Foshan
GY514371,Wēi Kāng Chenghua Flagship,1269 Ross Brook Suite 323 (Near Shopping Mall),Chenghua District,Chengdu
GY105046,Lì Měi Nanshan Flagship,441 Jessica Pike (Near Shopping Mall),Nanshan District,Shenzhen
GY659968,Wēi Ěr Shì Changning Flagship,163 Holland Spur Apt. 385 (Near University),Changning District,Shanghai
GY922453,Měi Gé Fēi Jianye Flagship,7538 Shannon Square Apt. 723 (Near Shopping Mall),Jianye District,Nanjing
GY366052,Ào Měi Gusu Flagship,32331 Edwards Trace (Near Shopping Mall),Gusu District,Suzhou
GY716209,Wēi Kāng Jimei Flagship,28670 Wood Canyon Suite 760 (Near Shopping Mall),Jimei District,Xiamen
GY178554,Lì Měi Haizhu Flagship,950 Jackson Shore Suite 469 (Near University),Haizhu District,Guangzhou
GY269076,Yī Zhào Wéi Dé Yuhua Flagship,894 Glass Bypass Apt. 277 (Near Metro Station),Yuhua District,Changsha
GY349088,Měi Gé Fēi Haidian Flagship,31679 Khan Locks Apt. 663 (Near Shopping Mall),Haidian District,Beijing
GY026067,Lì Měi Huangpu Flagship,75408 William Roads (Near Shopping Mall),Huangpu District,Shanghai
GY597180,Jiàn Lè Huishan Flagship,757 Raymond Green (Near Metro Station),Huishan District,Wuxi
GY067302,Yī Zhào Wéi Dé Baiyun Flagship,003 Lee Courts Suite 471 (Near Metro Station),Baiyun District,Guangzhou
GY862758,Jīn Shì Bǎo Heping Flagship,52354 Wright Isle Suite 146 (Near Metro Station),Heping District,Tianjin
GY232549,Lì Měi Heping Flagship,66844 Charles Harbor (Near Shopping Mall),Heping District,Tianjin
GY054353,Wēi Kāng Hongqiao Flagship,947 Jennifer Walk Apt. 025 (Near University),Hongqiao District,Tianjin
GY496637,Lì Měi Siming Flagship,37121 Jason Bridge Apt. 818 (Near University),Siming District,Xiamen
GY902238,Jiàn Lè Huiji Flagship,593 Melissa Mountain Suite 638 (Near University),Huiji District,Zhengzhou
GY439927,Yī Zhào Wéi Dé Gongshu Flagship,0135 David Glen (Near University),Gongshu District,Hangzhou
GY059585,Jīn Shì Bǎo Fengtai Flagship,51025 Perkins Street (Near Shopping Mall),Fengtai District,Beijing
GY803055,Měi Gé Fēi Wangcheng Flagship,64627 Curtis Cape Suite 345 (Near Shopping Mall),Wangcheng District,Changsha
GY057253,Wēi Ěr Shì Yuexiu Flagship,96498 Emily Port Apt. 023 (Near University),Yuexiu District,Guangzhou
GY894722,Jiàn Lè Putuo Flagship,4536 Moore Ports Suite 106 (Near University),Putuo District,Shanghai
GY667912,Wēi Kāng Jiangbei Flagship,910 Trevor Plains Apt. 951 (Near Metro Station),Jiangbei District,Chongqing
GY834090,Jīn Shì Bǎo Longgang Flagship,73581 Donna Fall Suite 479 (Near Shopping Mall),Longgang District,Shenzhen
GY651953,Yī Zhào Wéi Dé Qiaokou Flagship,604 James Inlet (Near Shopping Mall),Qiaokou District,Wuhan
GY434067,Wēi Kāng Fengtai Flagship,8860 Bowen Springs Apt. 913 (Near Metro Station),Fengtai District,Beijing
GY126766,Jiàn Lè Bao'an Flagship,1345 Elizabeth Ranch Apt. 427 (Near University),Bao'an District,Shenzhen
GY093455,Lì Měi Chaoyang Flagship,42240 Sanders Throughway (Near Metro Station),Chaoyang District,Beijing
GY761908,Wēi Kāng Guancheng Flagship,06446 Stuart Wall Suite 314 (Near Shopping Mall),Guancheng District,Zhengzhou
GY451678,Lì Měi Yanta Flagship,654 Woodard Squares (Near Shopping Mall),Yanta District,Xi'an
GY225239,Jīn Shì Bǎo Shapingba Flagship,48458 Katherine Valleys Suite 096 (Near Metro Station),Shapingba District,Chongqing
GY667437,Lì Měi Tianhe Flagship,8478 Emily Ferry Apt. 067 (Near University),Tianhe District,Guangzhou
GY750181,Lì Měi Jiangbei Flagship,0459 Harrison Crest (Near University),Jiangbei District,Chongqing
GY711569,Ào Měi Xiangcheng Flagship,39237 Lopez Trail Apt. 472 (Near University),Xiangcheng District,Suzhou
GY012902,Wēi Ěr Shì Yangpu Flagship,64362 Grimes Cliffs (Near Shopping Mall),Yangpu District,Shanghai
GY021495,Ào Měi Xishan Flagship,0909 Mckinney Row (Near Shopping Mall),Xishan District,Wuxi
GY806261,Lì Měi Hebei Flagship,25925 Tammy Fields (Near Shopping Mall),Hebei District,Tianjin
GY730835,Měi Gé Fēi Gulou Flagship,7288 Patel Turnpike (Near Shopping Mall),Gulou District,Nanjing
GY986273,Měi Gé Fēi Huishan Flagship,149 Lee Flat Suite 619 (Near Shopping Mall),Huishan District,Wuxi
GY790511,Wēi Kāng Longquanyi Flagship,836 Melendez Cape Suite 697 (Near University),Longquanyi District,Chengdu
GY748681,Yī Zhào Wéi Dé Huaiyin Flagship,25926 Michael Ferry Apt. 483 (Near University),Huaiyin District,Jinan
GY513849,Wēi Kāng Zhongshan Flagship,65393 Christopher Ferry Suite 442 (Near University),Zhongshan District,Dalian
GY244457,Wēi Ěr Shì Nan'an Flagship,730 Lopez Prairie (Near Shopping Mall),Nan'an District,Chongqing
GY873460,Jīn Shì Bǎo Tianqiao Flagship,155 Webb Club Apt. 056 (Near Shopping Mall),Tianqiao District,Jinan
GY750186,Lì Měi Qiaokou Flagship,37882 Garcia Track Suite 376 (Near Metro Station),Qiaokou District,Wuhan
GY962403,Yī Zhào Wéi Dé Liwan Flagship,4423 Daniel Expressway Suite 965 (Near Metro Station),Liwan District,Guangzhou
GY826649,Wēi Ěr Shì Haidian Flagship,6653 Alexander Drive (Near Shopping Mall),Haidian District,Beijing
GY617968,Lì Měi Siming Flagship,527 Tracy View Suite 286 (Near Metro Station),Siming District,Xiamen
GY274863,Ào Měi Huishan Flagship,75422 Sims Ranch (Near Metro Station),Huishan District,Wuxi
GY298292,Lì Měi Liwan Flagship,5970 Long Row (Near Metro Station),Liwan District,Guangzhou
GY669274,Jiàn Lè Longquanyi Flagship,394 Mindy Locks Apt. 022 (Near Shopping Mall),Longquanyi District,Chengdu
GY397167,Jiàn Lè Dongcheng Flagship,535 Peter Radial Suite 683 (Near University),Dongcheng District,Beijing
GY694862,Jīn Shì Bǎo Binjiang Flagship,787 Lowe Row Apt. 452 (Near Shopping Mall),Binjiang District,Hangzhou
GY450975,Wēi Ěr Shì Yanta Flagship,2977 Smith Skyway Apt. 797 (Near Metro Station),Yanta District,Xi'an
GY677957,Měi Gé Fēi Jianggan Flagship,37176 Nicole Fort (Near Shopping Mall),Jianggan District,Hangzhou
GY267057,Wēi Kāng Changning Flagship,188 Michael Overpass Suite 111 (Near Shopping Mall),Changning District,Shanghai
GY699579,Jīn Shì Bǎo Liwan Flagship,8817 Pittman River Suite 893 (Near Shopping Mall),Liwan District,Guangzhou
GY749020,Měi Gé Fēi Liwan Flagship,558 Michael Lights (Near Shopping Mall),Liwan District,Guangzhou
GY701267,Wēi Kāng Siming Flagship,1638 Lawrence Hill (Near University),Siming District,Xiamen
GY980682,Wēi Ěr Shì Hongkou Flagship,80667 Bradley Falls Suite 760 (Near University),Hongkou District,Shanghai
GY022320,Jiàn Lè Huangpu Flagship,759 Fuller Pike Apt. 900 (Near Shopping Mall),Huangpu District,Guangzhou
GY372028,Ào Měi Qiaokou Flagship,0931 Brittany Curve Apt. 599 (Near Shopping Mall),Qiaokou District,Wuhan
GY634936,Ào Měi Jinshui Flagship,46587 Miles Camp Apt. 076 (Near Metro Station),Jinshui District,Zhengzhou
GY708981,Wēi Ěr Shì Xinwu Flagship,932 Smith Passage (Near Metro Station),Xinwu District,Wuxi
GY910360,Měi Gé Fēi Haizhu Flagship,17123 William Point (Near Shopping Mall),Haizhu District,Guangzhou
GY110247,Jīn Shì Bǎo Xinwu Flagship,515 King Springs (Near Shopping Mall),Xinwu District,Wuxi
GY600026,Ào Měi Liwan Flagship,870 Vicki Junction Apt. 518 (Near University),Liwan District,Guangzhou
GY822827,Jiàn Lè Yangpu Flagship,86418 Mack Stream (Near Shopping Mall),Yangpu District,Shanghai
GY363976,Lì Měi Xiacheng Flagship,23982 Alison Stream Apt. 045 (Near Shopping Mall),Xiacheng District,Hangzhou
GY263268,Lì Měi Shahekou Flagship,6314 Klein Burgs Suite 950 (Near Metro Station),Shahekou District,Dalian
GY642904,Jīn Shì Bǎo Shangjie Flagship,44500 Tina Square Apt. 775 (Near University),Shangjie District,Zhengzhou
GY914223,Lì Měi Longquanyi Flagship,946 Price Mission Suite 042 (Near Shopping Mall),Longquanyi District,Chengdu
GY336399,Yī Zhào Wéi Dé Yinzhou Flagship,3169 Anna Isle Apt. 747 (Near University),Yinzhou District,Ningbo
GY288855,Ào Měi Binjiang Flagship,9711 Jill Path (Near University),Binjiang District,Hangzhou
GY211110,Yī Zhào Wéi Dé Jianghan Flagship,79025 Dean Fords Suite 756 (Near Metro Station),Jianghan District,Wuhan
GY723888,Wēi Kāng Jing'an Flagship,097 Blevins Tunnel (Near University),Jing'an District,Shanghai
GY970177,Měi Gé Fēi Nan'an Flagship,862 Hartman Branch Suite 229 (Near Shopping Mall),Nan'an District,Chongqing
GY609396,Wēi Ěr Shì Tianhe Flagship,444 White Common (Near Shopping Mall),Tianhe District,Guangzhou
GY277115,Jīn Shì Bǎo Qixia Flagship,51743 Brown Burgs Suite 408 (Near Shopping Mall),Qixia District,Nanjing
GY627554,Lì Měi Jinjiang Flagship,2072 Chang Station (Near Metro Station),Jinjiang District,Chengdu
GY492837,Jīn Shì Bǎo Xuhui Flagship,4070 Collins Glens Suite 742 (Near Metro Station),Xuhui District,Shanghai
GY710633,Wēi Kāng Heping Flagship,0157 Marcus Center Suite 426 (Near Metro Station),Heping District,Tianjin
GY981013,Yī Zhào Wéi Dé Guancheng Flagship,63290 Walter Lock Suite 960 (Near Metro Station),Guancheng District,Zhengzhou
GY499956,Wēi Kāng Shunde Flagship,23422 Daniel Stravenue (Near Shopping Mall),Shunde District,Foshan
GY406156,Ào Měi Guancheng Flagship,2003 David Run Suite 226 (Near Shopping Mall),Guancheng District,Zhengzhou
GY096774,Jiàn Lè Longquanyi Flagship,723 Jesus Alley Apt. 197 (Near Shopping Mall),Longquanyi District,Chengdu
GY603070,Jīn Shì Bǎo Tongzhou Flagship,1921 Eaton Court Suite 010 (Near University),Tongzhou District,Beijing
GY789543,Lì Měi Xihu Flagship,45910 Tanya Club Suite 075 (Near Metro Station),Xihu District,Hangzhou
GY931396,Měi Gé Fēi Hebei Flagship,875 Tammy Alley Suite 357 (Near Shopping Mall),Hebei District,Tianjin
GY036284,Wēi Kāng Tong'an Flagship,368 Smith Springs (Near Shopping Mall),Tong'an District,Xiamen
GY293320,Yī Zhào Wéi Dé Binhu Flagship,1413 James Junctions Suite 290 (Near Metro Station),Binhu District,Wuxi
GY327715,Lì Měi Xishan Flagship,3426 Sarah Junctions (Near Metro Station),Xishan District,Wuxi
GY818650,Jīn Shì Bǎo Xishan Flagship,197 Contreras Mill Apt. 956 (Near Metro Station),Xishan District,Wuxi
GY182632,Wēi Kāng Bao'an Flagship,18575 Gilmore Springs (Near Metro Station),Bao'an District,Shenzhen
GY652430,Wēi Ěr Shì Hebei Flagship,5125 Goodman Haven Apt. 153 (Near University),Hebei District,Tianjin
GY427759,Jiàn Lè Liangxi Flagship,1742 Nicole Radial (Near University),Liangxi District,Wuxi
GY618226,Ào Měi Qixia Flagship,307 Barr Springs Suite 687 (Near Metro Station),Qixia District,Nanjing
GY362156,Jīn Shì Bǎo Fenghua Flagship,6985 Webster Freeway (Near Shopping Mall),Fenghua District,Ningbo
GY079008,Měi Gé Fēi Hongshan Flagship,888 Boyle Brooks Suite 113 (Near University),Hongshan District,Wuhan
GY935813,Měi Gé Fēi Qinhuai Flagship,39355 Kelly Mountains (Near Metro Station),Qinhuai District,Nanjing
GY901000,Wēi Kāng Haishu Flagship,304 Cynthia Field (Near University),Haishu District,Ningbo
GY385938,Měi Gé Fēi Shapingba Flagship,3171 Amy Plaza (Near Metro Station),Shapingba District,Chongqing
GY234046,Jiàn Lè Tianhe Flagship,539 Cross Alley (Near University),Tianhe District,Guangzhou
GY401799,Wēi Kāng Huaiyin Flagship,4035 Taylor Inlet Suite 778 (Near University),Huaiyin District,Jinan
GY099172,Wēi Ěr Shì Dongcheng Flagship,0516 Cole Park Suite 651 (Near Shopping Mall),Dongcheng District,Dongguan
GY900879,Ào Měi Haicang Flagship,7086 Ryan Views Suite 246 (Near University),Haicang District,Xiamen
GY840295,Wēi Kāng Changning Flagship,1104 Holt Drive Suite 889 (Near University),Changning District,Shanghai
GY240366,Ào Měi Jinniu Flagship,76752 Pitts Streets (Near Metro Station),Jinniu District,Chengdu
GY777965,Yī Zhào Wéi Dé Songshanhu Flagship,02210 Cory Lakes (Near Metro Station),Songshanhu District,Dongguan
GY999136,Lì Měi Changning Flagship,49863 Christina Stravenue Suite 569 (Near Metro Station),Changning District,Shanghai
GY254756,Měi Gé Fēi Beilun Flagship,5090 Atkins Village Suite 004 (Near Shopping Mall),Beilun District,Ningbo
GY119246,Ào Měi Hexi Flagship,56524 Ethan Ferry (Near Metro Station),Hexi District,Tianjin
GY408962,Jīn Shì Bǎo Liwan Flagship,02960 Christina Harbors Apt. 594 (Near University),Liwan District,Guangzhou
GY989437,Jiàn Lè Jiulongpo Flagship,74036 Zachary Brook (Near University),Jiulongpo District,Chongqing
GY581906,Wēi Kāng Yuhua Flagship,2465 Jones Estate (Near Metro Station),Yuhua District,Changsha
GY319687,Wēi Kāng Chancheng Flagship,997 Stanley Center (Near Shopping Mall),Chancheng District,Foshan
GY954226,Yī Zhào Wéi Dé Hongkou Flagship,243 Chad Island Apt. 057 (Near Metro Station),Hongkou District,Shanghai
GY318828,Wēi Ěr Shì Guancheng Flagship,76969 Jeremiah Branch (Near Shopping Mall),Guancheng District,Zhengzhou
GY582497,Měi Gé Fēi Hebei Flagship,25600 Frank Walks Suite 708 (Near University),Hebei District,Tianjin
GY439934,Yī Zhào Wéi Dé Longquanyi Flagship,5903 Bradley Cliff Suite 369 (Near University),Longquanyi District,Chengdu
GY829480,Wēi Kāng Nankai Flagship,0657 Humphrey Neck Apt. 870 (Near University),Nankai District,Tianjin
GY642966,Lì Měi Wuhou Flagship,4754 Chang Landing Suite 761 (Near Shopping Mall),Wuhou District,Chengdu
GY531002,Yī Zhào Wéi Dé Jinshui Flagship,76883 Samantha Unions Apt. 393 (Near Metro Station),Jinshui District,Zhengzhou
GY117524,Měi Gé Fēi Yuhuatai Flagship,0853 Adams Course Suite 022 (Near Metro Station),Yuhuatai District,Nanjing
GY281197,Wēi Kāng Jiangbei Flagship,14426 Tara Corner Suite 816 (Near Metro Station),Jiangbei District,Ningbo
GY281434,Jīn Shì Bǎo Hedong Flagship,3091 Sanchez Springs Apt. 583 (Near Metro Station),Hedong District,Tianjin
GY073310,Wēi Ěr Shì Jianggan Flagship,078 Cheryl Streets (Near University),Jianggan District,Hangzhou
GY916456,Lì Měi Shijingshan Flagship,6433 Candice Rest (Near Shopping Mall),Shijingshan District,Beijing
GY142942,Wēi Ěr Shì Furong Flagship,879 David Fork (Near University),Furong District,Changsha
GY042346,Lì Měi Wuhou Flagship,36296 Castro Summit Suite 912 (Near University),Wuhou District,Chengdu
GY272933,Wēi Ěr Shì Jinshui Flagship,043 Jack Dale (Near Shopping Mall),Jinshui District,Zhengzhou
GY605115,Wēi Ěr Shì Xuanwu Flagship,86900 Allen Mission (Near Metro Station),Xuanwu District,Nanjing
GY118765,Yī Zhào Wéi Dé Jiulongpo Flagship,5789 Patrick Locks (Near University),Jiulongpo District,Chongqing
GY534402,Wēi Ěr Shì Binjiang Flagship,661 Jennifer Hills (Near Shopping Mall),Binjiang District,Hangzhou
GY347205,Ào Měi Baiyun Flagship,56979 Bailey River Apt. 237 (Near University),Baiyun District,Guangzhou
GY444024,Lì Měi Guancheng Flagship,155 Patel Turnpike (Near University),Guancheng District,Dongguan
GY321824,Yī Zhào Wéi Dé Xuanwu Flagship,4256 Gilbert Turnpike Suite 528 (Near Shopping Mall),Xuanwu District,Nanjing
GY458464,Lì Měi Haizhu Flagship,7926 Richardson Crossroad Suite 203 (Near Shopping Mall),Haizhu District,Guangzhou
GY231214,Jiàn Lè Wuchang Flagship,004 Perez Haven Apt. 199 (Near University),Wuchang District,Wuhan
GY998755,Jīn Shì Bǎo Xicheng Flagship,294 John Mount Apt. 002 (Near Metro Station),Xicheng District,Beijing
GY897675,Yī Zhào Wéi Dé Shahekou Flagship,67574 Baker Valleys Suite 711 (Near Metro Station),Shahekou District,Dalian
GY218116,Měi Gé Fēi Xuanwu Flagship,7388 Hunter Club Apt. 258 (Near University),Xuanwu District,Nanjing
